date,open,high,low,close,adj_close,volume
,SYNX,SYNX,SYNX,SYNX,SYNX,SYNX
2024-01-12,3.990000009536743,4.0,3.259999990463257,3.609999895095825,3.609999895095825,712000
2024-01-16,3.490000009536743,3.799999952316284,3.4000000953674316,3.6500000953674316,3.6500000953674316,58500
2024-01-17,3.1600000858306885,3.7200000286102295,3.1600000858306885,3.7200000286102295,3.7200000286102295,46400
2024-01-18,3.9000000953674316,3.9000000953674316,3.430000066757202,3.5399999618530273,3.5399999618530273,88400
2024-01-19,3.4800000190734863,3.5969998836517334,3.069999933242798,3.069999933242798,3.069999933242798,55000
2024-01-22,2.9800000190734863,3.0,2.821000099182129,2.9100000858306885,2.9100000858306885,18600
2024-01-23,3.4100000858306885,3.4100000858306885,2.9100000858306885,2.9600000381469727,2.9600000381469727,74900
2024-01-24,3.109999895095825,3.109999895095825,2.88100004196167,2.88100004196167,2.88100004196167,11200
2024-01-25,2.940000057220459,3.049999952316284,2.9100000858306885,2.990000009536743,2.990000009536743,24900
2024-01-26,3.009999990463257,3.1500000953674316,2.9700000286102295,3.0,3.0,26700
2024-01-29,3.200000047683716,3.200000047683716,3.059999942779541,3.200000047683716,3.200000047683716,3500
2024-01-30,3.200000047683716,3.200000047683716,3.1500000953674316,3.1500000953674316,3.1500000953674316,2800
2024-01-31,3.109999895095825,3.1500000953674316,3.0399999618530273,3.049999952316284,3.049999952316284,7500
2024-02-01,3.0399999618530273,3.200000047683716,3.0,3.009999990463257,3.009999990463257,37000
2024-02-02,3.0199999809265137,3.0899999141693115,3.0,3.002000093460083,3.002000093460083,2800
2024-02-05,3.299999952316284,3.390000104904175,3.0,3.240000009536743,3.240000009536743,65000
2024-02-06,3.2100000381469727,3.4000000953674316,3.059999942779541,3.4000000953674316,3.4000000953674316,22100
2024-02-07,3.309999942779541,3.309999942779541,3.1700000762939453,3.1700000762939453,3.1700000762939453,16200
2024-02-08,3.1700000762939453,3.1700000762939453,3.1700000762939453,3.1700000762939453,3.1700000762939453,2500
2024-02-09,3.3399999141693115,3.3399999141693115,3.200000047683716,3.200000047683716,3.200000047683716,3600
2024-02-12,3.4000000953674316,3.5999999046325684,3.1510000228881836,3.2100000381469727,3.2100000381469727,18700
2024-02-13,3.3299999237060547,3.6500000953674316,3.2799999713897705,3.5899999141693115,3.5899999141693115,31200
2024-02-14,3.619999885559082,3.700000047683716,3.549999952316284,3.569999933242798,3.569999933242798,14000
2024-02-15,3.5,3.5799999237060547,3.3499999046325684,3.4000000953674316,3.4000000953674316,9400
2024-02-16,3.4000000953674316,3.549999952316284,3.369999885559082,3.369999885559082,3.369999885559082,3500
2024-02-20,3.630000114440918,3.640000104904175,3.4000000953674316,3.4000000953674316,3.4000000953674316,2900
2024-02-21,3.799999952316284,3.799999952316284,3.51200008392334,3.5299999713897705,3.5299999713897705,17000
2024-02-22,4.0,4.0,3.4600000381469727,3.490000009536743,3.490000009536743,2600
2024-02-23,3.5929999351501465,3.6630001068115234,3.369999885559082,3.552000045776367,3.552000045776367,2800
2024-02-26,3.619999885559082,3.619999885559082,3.5,3.5,3.5,6100
2024-02-27,3.7300000190734863,3.7300000190734863,3.509999990463257,3.572000026702881,3.572000026702881,7000
2024-02-28,3.690000057220459,3.690000057220459,3.5,3.549999952316284,3.549999952316284,18200
2024-02-29,3.509999990463257,3.6500000953674316,3.5,3.619999885559082,3.619999885559082,17700
2024-03-01,3.6500000953674316,3.6730000972747803,3.4100000858306885,3.5450000762939453,3.5450000762939453,7100
2024-03-04,3.700000047683716,3.700000047683716,3.5999999046325684,3.6500000953674316,3.6500000953674316,12500
2024-03-05,3.5999999046325684,3.7200000286102295,3.509999990463257,3.700000047683716,3.700000047683716,14700
2024-03-06,3.7699999809265137,3.799999952316284,3.7049999237060547,3.7049999237060547,3.7049999237060547,10100
2024-03-07,3.6600000858306885,4.0,3.6600000858306885,3.930000066757202,3.930000066757202,21900
2024-03-08,4.0,4.0,3.7209999561309814,3.8299999237060547,3.8299999237060547,5000
2024-03-11,3.799999952316284,4.0,3.7880001068115234,4.0,4.0,12000
2024-03-12,4.0,4.099999904632568,3.5199999809265137,3.7100000381469727,3.7100000381469727,37700
2024-03-13,4.050000190734863,4.050000190734863,3.7200000286102295,3.7200000286102295,3.7200000286102295,16200
2024-03-14,3.700000047683716,3.940000057220459,3.700000047683716,3.7200000286102295,3.7200000286102295,8800
2024-03-15,3.8499999046325684,3.890000104904175,3.759999990463257,3.8499999046325684,3.8499999046325684,2900
2024-03-18,3.869999885559082,3.9200000762939453,3.7799999713897705,3.7799999713897705,3.7799999713897705,5300
2024-03-19,3.630000114440918,3.990000009536743,3.630000114440918,3.890000104904175,3.890000104904175,17500
2024-03-20,3.7100000381469727,3.880000114440918,3.5999999046325684,3.680000066757202,3.680000066757202,22000
2024-03-21,3.7320001125335693,3.799999952316284,3.7200000286102295,3.7200000286102295,3.7200000286102295,7600
2024-03-22,3.6600000858306885,3.799999952316284,3.6600000858306885,3.799999952316284,3.799999952316284,3900
2024-03-25,3.700000047683716,3.736999988555908,3.609999895095825,3.6600000858306885,3.6600000858306885,11600
2024-03-26,3.619999885559082,3.8499999046325684,3.5999999046325684,3.8499999046325684,3.8499999046325684,11300
2024-03-27,3.799999952316284,3.799999952316284,3.559999942779541,3.559999942779541,3.559999942779541,4400
2024-03-28,3.5199999809265137,3.5299999713897705,3.319999933242798,3.4100000858306885,3.4100000858306885,5600
2024-04-01,3.5,3.5399999618530273,3.5,3.5399999618530273,3.5399999618530273,1800
2024-04-02,3.5399999618530273,3.5899999141693115,3.5399999618530273,3.5899999141693115,3.5899999141693115,4200
2024-04-03,4.050000190734863,4.050000190734863,3.2300000190734863,3.4000000953674316,3.4000000953674316,9500
2024-04-04,3.4000000953674316,3.4000000953674316,3.0999999046325684,3.25,3.25,13000
2024-04-05,3.0799999237060547,3.2899999618530273,3.049999952316284,3.2899999618530273,3.2899999618530273,1800
2024-04-08,3.5899999141693115,3.5999999046325684,3.299999952316284,3.3399999141693115,3.3399999141693115,5900
2024-04-09,3.378000020980835,3.378000020980835,3.365000009536743,3.371000051498413,3.371000051498413,16300
2024-04-10,3.5,3.8499999046325684,3.5,3.6500000953674316,3.6500000953674316,40400
2024-04-11,3.6500000953674316,3.8399999141693115,3.5,3.8399999141693115,3.8399999141693115,22300
2024-04-12,3.8499999046325684,4.050000190734863,3.7899999618530273,3.950000047683716,3.950000047683716,11200
2024-04-15,3.990000009536743,3.990000009536743,3.619999885559082,3.619999885559082,3.619999885559082,6900
2024-04-16,3.619999885559082,4.0,3.619999885559082,3.740000009536743,3.740000009536743,3400
2024-04-17,3.9200000762939453,3.940000057220459,3.502000093460083,3.75,3.75,32700
2024-04-18,3.490000009536743,3.700000047683716,3.490000009536743,3.700000047683716,3.700000047683716,13700
2024-04-19,3.809999942779541,3.809999942779541,3.6500000953674316,3.6500000953674316,3.6500000953674316,1300
2024-04-22,3.630000114440918,3.806999921798706,3.4000000953674316,3.4519999027252197,3.4519999027252197,6800
2024-04-23,3.369999885559082,3.4200000762939453,3.1500000953674316,3.200000047683716,3.200000047683716,3600
2024-04-24,3.25,3.4000000953674316,3.25,3.299999952316284,3.299999952316284,4400
2024-04-25,3.2200000286102295,3.4000000953674316,3.190000057220459,3.4000000953674316,3.4000000953674316,2200
2024-04-26,3.234999895095825,3.240000009536743,3.234999895095825,3.240000009536743,3.240000009536743,1100
2024-04-29,3.4800000190734863,3.4800000190734863,3.1500000953674316,3.1600000858306885,3.1600000858306885,6400
2024-04-30,3.1500000953674316,3.3499999046325684,3.1500000953674316,3.259999990463257,3.259999990463257,3400
2024-05-01,3.2100000381469727,3.2100000381469727,3.009999990463257,3.009999990463257,3.009999990463257,11600
2024-05-02,3.0299999713897705,3.0299999713897705,2.6700000762939453,2.799999952316284,2.799999952316284,17200
2024-05-03,2.9200000762939453,3.200000047683716,2.7200000286102295,3.200000047683716,3.200000047683716,9000
2024-05-06,3.0,3.078000068664551,2.7200000286102295,3.0,3.0,18900
2024-05-07,2.8499999046325684,2.8499999046325684,2.8499999046325684,2.8499999046325684,2.8499999046325684,1300
2024-05-08,2.9800000190734863,2.9800000190734863,2.799999952316284,2.8949999809265137,2.8949999809265137,7400
2024-05-09,2.7699999809265137,2.7699999809265137,2.5799999237060547,2.5799999237060547,2.5799999237060547,5600
2024-05-10,2.4000000953674316,2.5439999103546143,2.3429999351501465,2.3889999389648438,2.3889999389648438,2500
2024-05-13,2.424999952316284,2.549999952316284,2.4000000953674316,2.4000000953674316,2.4000000953674316,11600
2024-05-14,2.4000000953674316,2.4000000953674316,2.4000000953674316,2.4000000953674316,2.4000000953674316,1300
2024-05-15,2.75,2.75,2.5,2.680000066757202,2.680000066757202,5200
2024-05-16,2.75,2.75,2.6500000953674316,2.740000009536743,2.740000009536743,6500
2024-05-17,2.8399999141693115,2.8399999141693115,2.8399999141693115,2.8399999141693115,2.8399999141693115,8600
2024-05-20,2.4600000381469727,2.4600000381469727,2.4600000381469727,2.4600000381469727,2.4600000381469727,1100
2024-05-21,2.440000057220459,2.75,2.4200000762939453,2.75,2.75,8700
2024-05-22,2.6700000762939453,2.6700000762939453,2.5299999713897705,2.5299999713897705,2.5299999713897705,4400
2024-05-23,2.75,2.869999885559082,2.509999990463257,2.75,2.75,12200
2024-05-24,2.5799999237060547,2.809999942779541,2.5799999237060547,2.619999885559082,2.619999885559082,2100
2024-05-28,2.819999933242798,2.8499999046325684,2.634999990463257,2.740000009536743,2.740000009536743,4100
2024-05-29,2.7300000190734863,2.799999952316284,2.683000087738037,2.799999952316284,2.799999952316284,3900
2024-05-30,2.740000009536743,2.8499999046325684,2.740000009536743,2.8499999046325684,2.8499999046325684,3100
2024-05-31,2.799999952316284,2.799999952316284,2.5420000553131104,2.7100000381469727,2.7100000381469727,1800
2024-06-03,2.7899999618530273,2.799999952316284,2.619999885559082,2.619999885559082,2.619999885559082,800
2024-06-04,2.700000047683716,2.700000047683716,2.680999994277954,2.680999994277954,2.680999994277954,2200
2024-06-05,2.690000057220459,2.690000057220459,2.0999999046325684,2.50600004196167,2.50600004196167,18900
2024-06-06,2.4600000381469727,2.549999952316284,2.4600000381469727,2.549999952316284,2.549999952316284,8700
2024-06-07,2.4000000953674316,2.503000020980835,2.240000009536743,2.240000009536743,2.240000009536743,2900
2024-06-10,2.700000047683716,2.7300000190734863,2.5,2.7300000190734863,2.7300000190734863,13100
2024-06-11,2.799999952316284,2.9619998931884766,2.799999952316284,2.9619998931884766,2.9619998931884766,6300
2024-06-12,3.0,3.0,2.680000066757202,2.700000047683716,2.700000047683716,7100
2024-06-13,2.5999999046325684,2.759000062942505,2.5999999046325684,2.7200000286102295,2.7200000286102295,2700
2024-06-14,2.9000000953674316,2.9000000953674316,2.5399999618530273,2.5899999141693115,2.5899999141693115,9700
2024-06-17,2.5999999046325684,3.569999933242798,2.5999999046325684,3.2239999771118164,3.2239999771118164,93900
2024-06-18,3.4600000381469727,3.990000009536743,3.4600000381469727,3.7699999809265137,3.7699999809265137,82500
2024-06-20,3.759999990463257,3.950000047683716,3.3499999046325684,3.950000047683716,3.950000047683716,18700
2024-06-21,3.8299999237060547,3.940000057220459,3.3499999046325684,3.4100000858306885,3.4100000858306885,4800
2024-06-24,3.640000104904175,3.9000000953674316,3.3499999046325684,3.9000000953674316,3.9000000953674316,9800
2024-06-25,3.950000047683716,3.950000047683716,3.3499999046325684,3.369999885559082,3.369999885559082,10000
2024-06-26,3.365000009536743,3.619999885559082,3.365000009536743,3.390000104904175,3.390000104904175,2600
2024-06-27,2.950000047683716,3.2100000381469727,2.950000047683716,3.200000047683716,3.200000047683716,6900
2024-06-28,2.869999885559082,3.069999933242798,2.859999895095825,2.859999895095825,2.859999895095825,2200
2024-07-01,2.8399999141693115,2.9200000762939453,2.2200000286102295,2.880000114440918,2.880000114440918,19900
2024-07-02,2.880000114440918,2.9100000858306885,2.5999999046325684,2.9100000858306885,2.9100000858306885,3700
2024-07-03,2.8519999980926514,2.8519999980926514,2.8519999980926514,2.8519999980926514,2.8519999980926514,300
2024-07-05,2.944000005722046,2.944000005722046,2.944000005722046,2.944000005722046,2.944000005722046,600
2024-07-08,2.759999990463257,2.9200000762939453,2.7300000190734863,2.7699999809265137,2.7699999809265137,800
2024-07-09,3.2699999809265137,3.75,3.1649999618530273,3.200000047683716,3.200000047683716,47500
2024-07-10,3.799999952316284,3.799999952316284,3.009999990463257,3.069999933242798,3.069999933242798,10100
2024-07-11,3.569999933242798,3.569999933242798,3.1559998989105225,3.1559998989105225,3.1559998989105225,1400
2024-07-12,3.6600000858306885,3.6600000858306885,2.9800000190734863,3.2100000381469727,3.2100000381469727,7900
2024-07-15,3.1619999408721924,3.177999973297119,2.819999933242798,2.9100000858306885,2.9100000858306885,6100
2024-07-16,2.7239999771118164,2.7699999809265137,2.7239999771118164,2.75,2.75,3300
2024-07-17,2.799999952316284,2.9000000953674316,2.6500000953674316,2.7300000190734863,2.7300000190734863,9000
2024-07-18,2.674999952316284,2.7300000190734863,2.630000114440918,2.697999954223633,2.697999954223633,12600
2024-07-19,2.700000047683716,2.742000102996826,2.700000047683716,2.742000102996826,2.742000102996826,1100
2024-07-22,2.865000009536743,3.3299999237060547,2.865000009536743,2.9200000762939453,2.9200000762939453,12800
2024-07-23,3.0399999618530273,3.180000066757202,3.0399999618530273,3.140000104904175,3.140000104904175,17200
2024-07-24,3.5899999141693115,3.98799991607666,3.4000000953674316,3.549999952316284,3.549999952316284,497700
2024-07-25,3.75,3.8499999046325684,3.2100000381469727,3.434999942779541,3.434999942779541,86600
2024-07-26,3.2899999618530273,3.700000047683716,3.2100000381469727,3.700000047683716,3.700000047683716,44300
2024-07-29,3.6500000953674316,3.75,3.390000104904175,3.4600000381469727,3.4600000381469727,28900
2024-07-30,3.450000047683716,3.5450000762939453,3.450000047683716,3.5399999618530273,3.5399999618530273,1600
2024-07-31,3.5799999237060547,3.7200000286102295,3.450000047683716,3.6500000953674316,3.6500000953674316,12600
2024-08-01,3.5299999713897705,3.549999952316284,3.5,3.5,3.5,8800
2024-08-02,3.5299999713897705,3.5799999237060547,3.3499999046325684,3.5799999237060547,3.5799999237060547,3800
2024-08-05,3.5,3.5999999046325684,3.200000047683716,3.2799999713897705,3.2799999713897705,8800
2024-08-06,3.0999999046325684,3.3299999237060547,3.0999999046325684,3.3299999237060547,3.3299999237060547,1500
2024-08-07,3.0799999237060547,3.200000047683716,2.799999952316284,2.9200000762939453,2.9200000762939453,13100
2024-08-08,3.240000009536743,3.5,3.109999895095825,3.5,3.5,3200
2024-08-09,3.430000066757202,3.5,3.299999952316284,3.4700000286102295,3.4700000286102295,3500
2024-08-12,3.38100004196167,3.4000000953674316,3.369999885559082,3.4000000953674316,3.4000000953674316,1300
2024-08-13,3.390000104904175,3.390000104904175,3.0,3.0899999141693115,3.0899999141693115,6600
2024-08-14,2.9700000286102295,3.200000047683716,2.9700000286102295,3.049999952316284,3.049999952316284,2900
2024-08-15,3.009999990463257,3.259999990463257,3.009999990463257,3.259999990463257,3.259999990463257,2500
2024-08-16,3.049999952316284,3.191999912261963,3.0,3.190000057220459,3.190000057220459,1500
2024-08-19,3.4100000858306885,3.4100000858306885,3.4100000858306885,3.4100000858306885,3.4100000858306885,600
2024-08-20,3.440000057220459,3.507999897003174,3.2300000190734863,3.380000114440918,3.380000114440918,1900
2024-08-21,3.4700000286102295,3.4700000286102295,3.190000057220459,3.200000047683716,3.200000047683716,1800
2024-08-22,3.200000047683716,3.200000047683716,3.200000047683716,3.200000047683716,3.200000047683716,300
2024-08-23,3.4200000762939453,3.4200000762939453,3.190999984741211,3.200000047683716,3.200000047683716,600
2024-08-26,2.700000047683716,3.0899999141693115,2.700000047683716,3.0899999141693115,3.0899999141693115,5600
2024-08-27,3.0899999141693115,3.0899999141693115,3.0899999141693115,3.0899999141693115,3.0899999141693115,0
2024-08-28,2.9700000286102295,3.0999999046325684,2.9700000286102295,3.0,3.0,1600
2024-08-29,3.0,3.0,2.950000047683716,2.9719998836517334,2.9719998836517334,1200
2024-08-30,2.9000000953674316,3.069999933242798,2.9000000953674316,3.069999933242798,3.069999933242798,1000
2024-09-03,2.880000114440918,3.1500000953674316,2.8399999141693115,3.1500000953674316,3.1500000953674316,7300
2024-09-04,3.0299999713897705,3.0299999713897705,2.9200000762939453,2.9200000762939453,2.9200000762939453,1700
2024-09-05,3.240000009536743,3.240000009536743,3.0,3.109999895095825,3.109999895095825,5000
2024-09-06,3.2699999809265137,3.299999952316284,3.0999999046325684,3.0999999046325684,3.0999999046325684,5000
2024-09-09,3.0199999809265137,3.049999952316284,3.0,3.049999952316284,3.049999952316284,3300
2024-09-10,3.0,3.130000114440918,3.0,3.049999952316284,3.049999952316284,2300
2024-09-11,3.11899995803833,3.299999952316284,3.0,3.299999952316284,3.299999952316284,2700
2024-09-12,3.240000009536743,3.240000009536743,3.0,3.200000047683716,3.200000047683716,13800
2024-09-13,3.0999999046325684,3.0999999046325684,3.0,3.049999952316284,3.049999952316284,2500
2024-09-16,3.119999885559082,3.380000114440918,3.0,3.0999999046325684,3.0999999046325684,7900
2024-09-17,3.009999990463257,3.0899999141693115,2.950000047683716,3.0899999141693115,3.0899999141693115,2200
2024-09-18,3.009999990463257,3.240000009536743,2.994999885559082,3.0299999713897705,3.0299999713897705,4500
2024-09-19,3.055999994277954,3.059999942779541,2.9070000648498535,3.0,3.0,8600
2024-09-20,3.0,3.0,3.0,3.0,3.0,0
2024-09-23,2.809999942779541,3.0299999713897705,2.809999942779541,3.0299999713897705,3.0299999713897705,1500
2024-09-24,3.140000104904175,3.2699999809265137,2.994999885559082,3.2699999809265137,3.2699999809265137,13200
2024-09-25,3.0999999046325684,3.180000066757202,3.0,3.180000066757202,3.180000066757202,900
2024-09-26,3.200000047683716,3.200000047683716,3.0,3.200000047683716,3.200000047683716,1100
2024-09-27,3.200000047683716,3.200000047683716,3.200000047683716,3.200000047683716,3.200000047683716,0
2024-09-30,3.200000047683716,3.5999999046325684,2.950000047683716,2.990000009536743,2.990000009536743,15400
2024-10-01,3.309999942779541,3.309999942779541,3.0739998817443848,3.1600000858306885,3.1600000858306885,4400
2024-10-02,3.0999999046325684,3.0999999046325684,2.9000000953674316,3.0,3.0,15300
2024-10-03,2.8499999046325684,3.140000104904175,2.8499999046325684,3.140000104904175,3.140000104904175,700
2024-10-04,3.0759999752044678,3.140000104904175,3.0759999752044678,3.140000104904175,3.140000104904175,700
2024-10-07,3.140000104904175,3.140000104904175,3.140000104904175,3.140000104904175,3.140000104904175,600
2024-10-08,3.140000104904175,3.140000104904175,3.140000104904175,3.140000104904175,3.140000104904175,300
2024-10-09,3.00600004196167,3.00600004196167,2.940000057220459,2.940000057220459,2.940000057220459,4800
2024-10-10,3.0399999618530273,3.0399999618530273,2.950000047683716,2.950000047683716,2.950000047683716,900
2024-10-11,2.9200000762939453,2.9700000286102295,2.819999933242798,2.9700000286102295,2.9700000286102295,5400
2024-10-14,2.9700000286102295,2.9700000286102295,2.9700000286102295,2.9700000286102295,2.9700000286102295,0
2024-10-15,2.9809999465942383,3.0399999618530273,2.9700000286102295,2.9830000400543213,2.9830000400543213,4900
2024-10-16,2.9800000190734863,3.049999952316284,2.890000104904175,2.950000047683716,2.950000047683716,12400
2024-10-17,2.8329999446868896,3.0199999809265137,2.819999933242798,2.950000047683716,2.950000047683716,3200
2024-10-18,2.875,2.943000078201294,2.180000066757202,2.8499999046325684,2.8499999046325684,14100
2024-10-21,2.759999990463257,2.859999895095825,2.617000102996826,2.859999895095825,2.859999895095825,3200
2024-10-22,2.799999952316284,3.0,2.799999952316284,2.8399999141693115,2.8399999141693115,17100
2024-10-23,2.75,2.9660000801086426,2.75,2.9660000801086426,2.9660000801086426,3100
2024-10-24,2.759999990463257,2.9700000286102295,2.75,2.9700000286102295,2.9700000286102295,1900
2024-10-25,2.7699999809265137,2.880000114440918,2.680000066757202,2.7839999198913574,2.7839999198913574,11200
2024-10-28,2.8940000534057617,2.9000000953674316,2.7200000286102295,2.805999994277954,2.805999994277954,7000
2024-10-29,2.700000047683716,2.880000114440918,2.700000047683716,2.859999895095825,2.859999895095825,800
2024-10-30,2.740000009536743,2.9100000858306885,2.700000047683716,2.819999933242798,2.819999933242798,3800
2024-10-31,2.75,2.950000047683716,2.7219998836517334,2.8399999141693115,2.8399999141693115,5800
2024-11-01,2.8399999141693115,2.8399999141693115,2.683000087738037,2.799999952316284,2.799999952316284,1100
2024-11-04,2.6500000953674316,2.930000066757202,2.6500000953674316,2.930000066757202,2.930000066757202,800
2024-11-05,2.740000009536743,2.8519999980926514,2.700000047683716,2.8519999980926514,2.8519999980926514,5800
2024-11-06,2.7300000190734863,2.9100000858306885,2.7300000190734863,2.859999895095825,2.859999895095825,7200
2024-11-07,2.9700000286102295,3.0,2.6500000953674316,2.7109999656677246,2.7109999656677246,25100
2024-11-08,2.700000047683716,2.859999895095825,2.5,2.680000066757202,2.680000066757202,6800
2024-11-11,2.5,2.940000057220459,2.5,2.8399999141693115,2.8399999141693115,33000
2024-11-12,2.799999952316284,2.799999952316284,2.5799999237060547,2.7699999809265137,2.7699999809265137,1300
2024-11-13,2.694999933242798,2.75,2.5,2.75,2.75,6200
2024-11-14,2.5899999141693115,2.700000047683716,2.5199999809265137,2.690000057220459,2.690000057220459,11100
2024-11-15,2.799999952316284,2.880000114440918,2.4100000858306885,2.619999885559082,2.619999885559082,5900
2024-11-18,2.75,2.890000104904175,2.630000114440918,2.859999895095825,2.859999895095825,5400
2024-11-19,2.7300000190734863,2.7300000190734863,2.6500000953674316,2.700000047683716,2.700000047683716,1400
2024-11-20,2.7100000381469727,2.7100000381469727,2.5399999618530273,2.5999999046325684,2.5999999046325684,6500
2024-11-21,2.549999952316284,2.690000057220459,2.549999952316284,2.690000057220459,2.690000057220459,900
2024-11-22,2.690000057220459,2.690000057220459,2.690000057220459,2.690000057220459,2.690000057220459,300
2024-11-25,2.628999948501587,2.6700000762939453,2.5,2.6500000953674316,2.6500000953674316,3500
2024-11-26,2.5850000381469727,2.5850000381469727,2.5250000953674316,2.5250000953674316,2.5250000953674316,600
2024-11-27,2.5250000953674316,2.5999999046325684,2.450000047683716,2.5999999046325684,2.5999999046325684,2600
2024-11-29,2.799999952316284,2.9100000858306885,2.609999895095825,2.700000047683716,2.700000047683716,6700
2024-12-02,2.819999933242798,3.0,2.549999952316284,2.5999999046325684,2.5999999046325684,54800
2024-12-03,2.552000045776367,2.75,2.509999990463257,2.630000114440918,2.630000114440918,18100
2024-12-04,2.549999952316284,3.515000104904175,2.549999952316284,2.7300000190734863,2.7300000190734863,48800
2024-12-05,3.0,3.4000000953674316,2.740000009536743,3.072999954223633,3.072999954223633,36000
2024-12-06,3.2200000286102295,3.2200000286102295,2.8399999141693115,3.0999999046325684,3.0999999046325684,14600
2024-12-09,2.759999990463257,3.0399999618530273,2.6600000858306885,3.0399999618530273,3.0399999618530273,24000
2024-12-10,3.0169999599456787,3.0169999599456787,3.0169999599456787,3.0169999599456787,3.0169999599456787,400
2024-12-11,2.825000047683716,2.9040000438690186,2.825000047683716,2.9040000438690186,2.9040000438690186,2500
2024-12-12,2.819999933242798,2.9800000190734863,2.697000026702881,2.9800000190734863,2.9800000190734863,6000
2024-12-13,2.859999895095825,2.9200000762939453,2.7699999809265137,2.799999952316284,2.799999952316284,4000
2024-12-16,2.7690000534057617,2.9000000953674316,2.734999895095825,2.888000011444092,2.888000011444092,5500
2024-12-17,3.0,4.25,2.943000078201294,3.9700000286102295,3.9700000286102295,484700
2024-12-18,3.799999952316284,3.799999952316284,3.0,3.259999990463257,3.259999990463257,146800
2024-12-19,3.190000057220459,3.569999933242798,3.0199999809265137,3.2699999809265137,3.2699999809265137,17100
2024-12-20,3.109999895095825,3.240000009536743,2.990000009536743,3.2100000381469727,3.2100000381469727,5400
2024-12-23,3.109999895095825,3.2100000381469727,3.049999952316284,3.2100000381469727,3.2100000381469727,5100
2024-12-24,3.049999952316284,3.2799999713897705,2.7699999809265137,3.260999917984009,3.260999917984009,15600
2024-12-26,3.180000066757202,3.372999906539917,3.0250000953674316,3.372999906539917,3.372999906539917,16600
2024-12-27,3.4100000858306885,3.6480000019073486,3.299999952316284,3.490000009536743,3.490000009536743,8700
2024-12-30,3.5329999923706055,3.740000009536743,3.3299999237060547,3.6679999828338623,3.6679999828338623,12900
2024-12-31,3.7699999809265137,3.799999952316284,3.549999952316284,3.619999885559082,3.619999885559082,11600
2025-01-02,3.5799999237060547,3.9179999828338623,3.571000099182129,3.9179999828338623,3.9179999828338623,69700
2025-01-03,4.170000076293945,6.489999771118164,4.150000095367432,4.980000019073486,4.980000019073486,767100
2025-01-06,5.190000057220459,5.190000057220459,4.090000152587891,4.900000095367432,4.900000095367432,119300
2025-01-07,4.449999809265137,4.690999984741211,3.859999895095825,4.320000171661377,4.320000171661377,92300
2025-01-08,4.269999980926514,4.514999866485596,4.150000095367432,4.340000152587891,4.340000152587891,27300
2025-01-10,4.309999942779541,4.434999942779541,4.019999980926514,4.190000057220459,4.190000057220459,31100
2025-01-13,4.199999809265137,4.199999809265137,3.799999952316284,4.079999923706055,4.079999923706055,28800
2025-01-14,4.019999980926514,4.689000129699707,3.9200000762939453,4.269999980926514,4.269999980926514,32900
2025-01-15,4.079999923706055,4.315000057220459,4.0,4.25,4.25,12100
2025-01-16,4.099999904632568,4.300000190734863,4.039999961853027,4.300000190734863,4.300000190734863,17300
2025-01-17,4.309999942779541,4.473999977111816,4.179999828338623,4.460000038146973,4.460000038146973,14300
2025-01-21,4.550000190734863,4.550000190734863,4.0,4.230000019073486,4.230000019073486,21100
2025-01-22,4.139999866485596,4.239999771118164,4.011000156402588,4.21999979019165,4.21999979019165,9100
2025-01-23,4.079999923706055,4.489999771118164,4.079999923706055,4.309999942779541,4.309999942779541,28700
2025-01-24,4.329999923706055,4.329999923706055,4.010000228881836,4.269999980926514,4.269999980926514,2800
2025-01-27,4.11899995803833,4.170000076293945,3.9100000858306885,4.010000228881836,4.010000228881836,3600
2025-01-28,4.173999786376953,4.199999809265137,3.9070000648498535,4.059999942779541,4.059999942779541,3600
2025-01-29,4.139999866485596,4.139999866485596,3.930000066757202,4.079999923706055,4.079999923706055,1400
2025-01-30,3.9019999504089355,4.056000232696533,3.9019999504089355,4.050000190734863,4.050000190734863,900
2025-01-31,4.010000228881836,4.38700008392334,3.8469998836517334,4.070000171661377,4.070000171661377,12900
2025-02-03,4.130000114440918,4.130000114440918,3.799999952316284,3.819999933242798,3.819999933242798,4000
2025-02-04,3.819999933242798,4.0,3.819999933242798,4.0,4.0,2600
2025-02-05,3.809999942779541,4.170000076293945,3.809999942779541,4.170000076293945,4.170000076293945,1900
2025-02-06,4.170000076293945,4.170000076293945,3.9800000190734863,4.139999866485596,4.139999866485596,1800
2025-02-07,3.799999952316284,4.090000152587891,3.799999952316284,4.090000152587891,4.090000152587891,2100
2025-02-10,4.230000019073486,4.230000019073486,3.809999942779541,4.0,4.0,3600
2025-02-11,3.809999942779541,4.0,3.799999952316284,4.0,4.0,1800
2025-02-12,3.819999933242798,3.9000000953674316,3.505000114440918,3.9000000953674316,3.9000000953674316,7400
2025-02-13,3.7320001125335693,3.9609999656677246,3.7320001125335693,3.890000104904175,3.890000104904175,300
2025-02-14,3.869999885559082,4.099999904632568,3.7200000286102295,3.9000000953674316,3.9000000953674316,3000
2025-02-18,4.050000190734863,4.050000190734863,3.5999999046325684,3.869999885559082,3.869999885559082,2900
2025-02-19,4.0,4.0,3.9000000953674316,4.0,4.0,3000
2025-02-20,3.8450000286102295,3.8450000286102295,3.8450000286102295,3.8450000286102295,3.8450000286102295,400
2025-02-21,3.799999952316284,3.990000009536743,3.799999952316284,3.8499999046325684,3.8499999046325684,3900
2025-02-24,3.880000114440918,3.9000000953674316,3.880000114440918,3.9000000953674316,3.9000000953674316,1100
2025-02-25,3.799999952316284,3.799999952316284,3.75,3.75,3.75,3100
2025-02-26,3.75,3.9000000953674316,3.75,3.9000000953674316,3.9000000953674316,1200
2025-02-27,3.799999952316284,3.799999952316284,3.75,3.75,3.75,700
2025-02-28,3.7149999141693115,3.75,3.7149999141693115,3.75,3.75,700
2025-03-03,3.7899999618530273,3.819999933242798,3.75,3.75,3.75,2000
2025-03-04,3.7899999618530273,3.997999906539917,3.759999990463257,3.9000000953674316,3.9000000953674316,11000
2025-03-05,3.890000104904175,3.890000104904175,3.7990000247955322,3.8010001182556152,3.8010001182556152,4000
2025-03-06,3.884999990463257,3.990000009536743,3.7990000247955322,3.7990000247955322,3.7990000247955322,1800
2025-03-07,4.050000190734863,4.050000190734863,3.759999990463257,3.7639999389648438,3.7639999389648438,3300
2025-03-10,3.7899999618530273,4.0,3.7799999713897705,3.799999952316284,3.799999952316284,7500
2025-03-11,3.884999990463257,3.884999990463257,3.8499999046325684,3.8499999046325684,3.8499999046325684,700
2025-03-12,3.880000114440918,3.9000000953674316,3.7699999809265137,3.799999952316284,3.799999952316284,4500
2025-03-13,3.7699999809265137,4.0,3.7699999809265137,3.8399999141693115,3.8399999141693115,2900
2025-03-14,3.8259999752044678,4.050000190734863,3.8259999752044678,3.9000000953674316,3.9000000953674316,1000
2025-03-17,3.799999952316284,3.9000000953674316,3.799999952316284,3.890000104904175,3.890000104904175,3000
2025-03-18,3.940000057220459,4.550000190734863,3.940000057220459,4.349999904632568,4.349999904632568,51300
2025-03-19,4.099999904632568,4.099999904632568,3.9000000953674316,3.990000009536743,3.990000009536743,18500
2025-03-20,3.99399995803833,4.090000152587891,3.99399995803833,4.079999923706055,4.079999923706055,2700
2025-03-21,4.090000152587891,4.389999866485596,3.9100000858306885,4.199999809265137,4.199999809265137,93600
2025-03-24,4.190000057220459,4.190000057220459,3.700000047683716,3.759999990463257,3.759999990463257,19000
2025-03-25,3.9000000953674316,3.9860000610351562,3.7200000286102295,3.759999990463257,3.759999990463257,3800
2025-03-26,3.740000009536743,3.8399999141693115,3.7200000286102295,3.799999952316284,3.799999952316284,5700
2025-03-27,3.9800000190734863,3.9800000190734863,3.7899999618530273,3.8499999046325684,3.8499999046325684,4700
2025-03-28,3.8949999809265137,3.8949999809265137,3.569999933242798,3.7699999809265137,3.7699999809265137,10400
2025-03-31,3.680000066757202,3.7899999618530273,3.5369999408721924,3.619999885559082,3.619999885559082,21000
2025-04-01,2.390000104904175,2.390000104904175,1.899999976158142,1.909999966621399,1.909999966621399,241600
2025-04-02,2.0299999713897705,2.0899999141693115,1.809999942779541,2.059999942779541,2.059999942779541,63500
2025-04-03,2.0,2.0399999618530273,1.8600000143051147,1.940000057220459,1.940000057220459,16300
2025-04-04,1.8899999856948853,1.899999976158142,1.7619999647140503,1.7799999713897705,1.7799999713897705,14900
2025-04-07,1.7799999713897705,2.0299999713897705,1.7100000381469727,2.0299999713897705,2.0299999713897705,20300
2025-04-08,1.9500000476837158,2.0,1.7549999952316284,1.8200000524520874,1.8200000524520874,18200
2025-04-09,1.7100000381469727,1.8799999952316284,1.7070000171661377,1.7699999809265137,1.7699999809265137,8400
2025-04-10,1.850000023841858,1.9700000286102295,1.8200000524520874,1.9190000295639038,1.9190000295639038,14800
2025-04-11,1.940000057220459,2.0299999713897705,1.940000057220459,2.009999990463257,2.009999990463257,27200
2025-04-14,2.0399999618530273,2.0999999046325684,1.809999942779541,1.809999942779541,1.809999942779541,14400
2025-04-15,1.7899999618530273,1.899999976158142,1.7799999713897705,1.850000023841858,1.850000023841858,10800
2025-04-16,1.8300000429153442,1.8600000143051147,1.7799999713897705,1.850000023841858,1.850000023841858,17000
2025-04-17,1.909999966621399,1.909999966621399,1.7400000095367432,1.7400000095367432,1.7400000095367432,3800
2025-04-21,1.8899999856948853,1.940000057220459,1.7649999856948853,1.7699999809265137,1.7699999809265137,10400
2025-04-22,1.781000018119812,1.8799999952316284,1.7799999713897705,1.7999999523162842,1.7999999523162842,6300
2025-04-23,1.899999976158142,1.899999976158142,1.7899999618530273,1.7899999618530273,1.7899999618530273,2500
2025-04-24,1.7970000505447388,1.850000023841858,1.7899999618530273,1.850000023841858,1.850000023841858,4300
2025-04-25,1.8200000524520874,1.8700000047683716,1.7899999618530273,1.7899999618530273,1.7899999618530273,5300
2025-04-28,1.7899999618530273,1.8309999704360962,1.7799999713897705,1.7799999713897705,1.7799999713897705,8500
2025-04-29,1.7999999523162842,1.840000033378601,1.7899999618530273,1.809999942779541,1.809999942779541,5500
2025-04-30,1.809999942779541,1.8300000429153442,1.7899999618530273,1.7899999618530273,1.7899999618530273,2500
2025-05-01,1.7799999713897705,1.840000033378601,1.7799999713897705,1.8200000524520874,1.8200000524520874,31300
2025-05-02,1.7899999618530273,1.840000033378601,1.75,1.7799999713897705,1.7799999713897705,60200
2025-05-05,1.8350000381469727,1.8350000381469727,1.7000000476837158,1.7599999904632568,1.7599999904632568,46300
2025-05-06,1.7799999713897705,1.7999999523162842,1.75,1.7799999713897705,1.7799999713897705,24700
2025-05-07,1.7990000247955322,1.850000023841858,1.7200000286102295,1.850000023841858,1.850000023841858,104400
2025-05-08,1.7300000190734863,1.8700000047683716,1.7300000190734863,1.8600000143051147,1.8600000143051147,53500
2025-05-09,1.7699999809265137,1.9930000305175781,1.7699999809265137,1.9500000476837158,1.9500000476837158,77100
2025-05-12,1.9900000095367432,2.049999952316284,1.8700000047683716,2.0,2.0,33200
2025-05-13,1.9149999618530273,2.059999942779541,1.8229999542236328,1.9900000095367432,1.9900000095367432,53400
2025-05-14,1.9900000095367432,2.053999900817871,1.8849999904632568,1.9600000381469727,1.9600000381469727,70500
2025-05-15,1.9500000476837158,1.9900000095367432,1.7799999713897705,1.850000023841858,1.850000023841858,20700
2025-05-16,1.840000033378601,2.0,1.840000033378601,1.9299999475479126,1.9299999475479126,10500
2025-05-19,1.8300000429153442,2.009999990463257,1.815000057220459,1.899999976158142,1.899999976158142,19500
2025-05-20,1.940000057220459,1.9600000381469727,1.850000023841858,1.850000023841858,1.850000023841858,16900
2025-05-21,1.840000033378601,1.965000033378601,1.659999966621399,1.7350000143051147,1.7350000143051147,77400
2025-05-22,1.7999999523162842,1.8799999952316284,1.649999976158142,1.8179999589920044,1.8179999589920044,31300
2025-05-23,1.840000033378601,1.8600000143051147,1.7200000286102295,1.7899999618530273,1.7899999618530273,99000
2025-05-27,1.7400000095367432,1.875,1.6699999570846558,1.8300000429153442,1.8300000429153442,13900
2025-05-28,1.850000023841858,1.850000023841858,1.7200000286102295,1.7899999618530273,1.7899999618530273,175600
2025-05-29,1.7799999713897705,1.8350000381469727,1.75,1.75,1.75,9300
2025-05-30,1.75,1.781000018119812,1.7000000476837158,1.7000000476837158,1.7000000476837158,22000
2025-06-02,1.6799999475479126,1.850000023841858,1.6799999475479126,1.7300000190734863,1.7300000190734863,11800
2025-06-03,1.7100000381469727,1.840000033378601,1.7100000381469727,1.7100000381469727,1.7100000381469727,6800
2025-06-04,1.7300000190734863,1.8200000524520874,1.7300000190734863,1.7350000143051147,1.7350000143051147,16200
2025-06-05,1.7799999713897705,1.8300000429153442,1.690000057220459,1.7200000286102295,1.7200000286102295,25900
2025-06-06,1.75,1.75,1.6799999475479126,1.6799999475479126,1.6799999475479126,10000
2025-06-09,1.6799999475479126,1.840000033378601,1.6799999475479126,1.7999999523162842,1.7999999523162842,67100
2025-06-10,1.809999942779541,1.8109999895095825,1.7200000286102295,1.7200000286102295,1.7200000286102295,11300
2025-06-11,1.7999999523162842,1.7999999523162842,1.7000000476837158,1.7000000476837158,1.7000000476837158,7700
2025-06-12,1.7000000476837158,1.940000057220459,1.6799999475479126,1.7200000286102295,1.7200000286102295,187000
2025-06-13,2.109999895095825,2.109999895095825,1.7400000095367432,1.8899999856948853,1.8899999856948853,289500
2025-06-16,1.8799999952316284,1.9800000190734863,1.75,1.75,1.75,115500
2025-06-17,1.7799999713897705,1.8389999866485596,1.7200000286102295,1.7300000190734863,1.7300000190734863,45700
2025-06-18,1.7000000476837158,1.7999999523162842,1.649999976158142,1.7000000476837158,1.7000000476837158,149800
2025-06-20,1.659999966621399,2.140000104904175,1.659999966621399,2.069999933242798,2.069999933242798,818100
2025-06-23,2.1500000953674316,2.2799999713897705,1.909999966621399,1.9500000476837158,1.9500000476837158,483200
2025-06-24,1.7799999713897705,1.850000023841858,1.6699999570846558,1.7999999523162842,1.7999999523162842,132800
2025-06-25,1.7999999523162842,1.909999966621399,1.7599999904632568,1.7999999523162842,1.7999999523162842,82300
2025-06-26,1.7999999523162842,1.7999999523162842,1.7599999904632568,1.7899999618530273,1.7899999618530273,34200
2025-06-27,1.75,1.7699999809265137,1.7000000476837158,1.7400000095367432,1.7400000095367432,48900
2025-06-30,1.7000000476837158,1.7259999513626099,1.659999966621399,1.7200000286102295,1.7200000286102295,53300
2025-07-01,1.6699999570846558,1.690000057220459,1.559999942779541,1.6299999952316284,1.6299999952316284,41800
2025-07-02,1.6299999952316284,1.7050000429153442,1.6200000047683716,1.649999976158142,1.649999976158142,34200
2025-07-03,1.6699999570846558,1.7619999647140503,1.659999966621399,1.7200000286102295,1.7200000286102295,42500
2025-07-07,1.7300000190734863,1.75,1.649999976158142,1.659999966621399,1.659999966621399,34400
2025-07-08,1.628000020980835,1.7300000190734863,1.6100000143051147,1.659999966621399,1.659999966621399,74700
2025-07-09,1.6699999570846558,1.6799999475479126,1.6019999980926514,1.6799999475479126,1.6799999475479126,28800
2025-07-10,1.6299999952316284,1.6799999475479126,1.621000051498413,1.6699999570846558,1.6699999570846558,14600
2025-07-11,1.649999976158142,1.690000057220459,1.6100000143051147,1.6299999952316284,1.6299999952316284,8500
2025-07-14,1.6100000143051147,1.7100000381469727,1.5160000324249268,1.6100000143051147,1.6100000143051147,135600
2025-07-15,1.5700000524520874,1.6649999618530273,1.5,1.6469999551773071,1.6469999551773071,114800
2025-07-16,1.565000057220459,1.690000057220459,1.565000057220459,1.6299999952316284,1.6299999952316284,28600
2025-07-17,1.6100000143051147,1.8200000524520874,1.6100000143051147,1.7000000476837158,1.7000000476837158,41000
2025-07-18,1.659999966621399,1.7699999809265137,1.6490000486373901,1.7300000190734863,1.7300000190734863,93000
2025-07-21,1.7899999618530273,1.7899999618530273,1.7100000381469727,1.7699999809265137,1.7699999809265137,45600
2025-07-22,1.7400000095367432,1.8049999475479126,1.7400000095367432,1.75,1.75,22200
2025-07-23,1.7999999523162842,1.9800000190734863,1.7400000095367432,1.940000057220459,1.940000057220459,1112100
2025-07-24,1.9600000381469727,1.9600000381469727,1.809999942779541,1.909999966621399,1.909999966621399,74000
2025-07-25,1.940000057220459,1.9500000476837158,1.809999942779541,1.8600000143051147,1.8600000143051147,22000
2025-07-28,1.8200000524520874,1.9049999713897705,1.7000000476837158,1.7400000095367432,1.7400000095367432,44300
2025-07-29,1.7400000095367432,1.7400000095367432,1.6799999475479126,1.7000000476837158,1.7000000476837158,41300
2025-07-30,1.7400000095367432,1.840999960899353,1.6699999570846558,1.7400000095367432,1.7400000095367432,47000
2025-07-31,1.7300000190734863,1.75,1.7109999656677246,1.7450000047683716,1.7450000047683716,7000
2025-08-01,1.7589999437332153,1.7589999437332153,1.6100000143051147,1.6799999475479126,1.6799999475479126,21600
2025-08-04,1.6349999904632568,1.840000033378601,1.6299999952316284,1.7599999904632568,1.7599999904632568,85900
2025-08-05,1.7899999618530273,1.8799999952316284,1.7000000476837158,1.784999966621399,1.784999966621399,58600
2025-08-06,1.7300000190734863,1.7699999809265137,1.649999976158142,1.7699999809265137,1.7699999809265137,35000
2025-08-07,1.7589999437332153,1.8700000047683716,1.75,1.7999999523162842,1.7999999523162842,104000
2025-08-08,1.7300000190734863,1.8799999952316284,1.6100000143051147,1.7599999904632568,1.7599999904632568,36900
2025-08-11,1.7100000381469727,1.7899999618530273,1.690000057220459,1.7699999809265137,1.7699999809265137,22200
2025-08-12,1.7400000095367432,1.7699999809265137,1.5429999828338623,1.75,1.75,17600
2025-08-13,1.7200000286102295,1.7799999713897705,1.6419999599456787,1.7799999713897705,1.7799999713897705,10300
2025-08-14,1.7100000381469727,1.7899999618530273,1.7000000476837158,1.75,1.75,21300
2025-08-15,1.7000000476837158,1.7699999809265137,1.6799999475479126,1.7300000190734863,1.7300000190734863,23100
2025-08-18,1.7400000095367432,1.7599999904632568,1.6399999856948853,1.7200000286102295,1.7200000286102295,4000
2025-08-19,1.6059999465942383,1.7400000095367432,1.6059999465942383,1.6799999475479126,1.6799999475479126,5600
2025-08-20,1.6269999742507935,1.75,1.6200000047683716,1.7000000476837158,1.7000000476837158,14900
2025-08-21,1.6549999713897705,1.6549999713897705,1.5700000524520874,1.6299999952316284,1.6299999952316284,16900
2025-08-22,1.7079999446868896,1.7100000381469727,1.590000033378601,1.690000057220459,1.690000057220459,23500
2025-08-25,1.7000000476837158,1.7599999904632568,1.649999976158142,1.7300000190734863,1.7300000190734863,33900
2025-08-26,1.75,1.75,1.6679999828338623,1.7400000095367432,1.7400000095367432,5800
2025-08-27,1.7100000381469727,1.7400000095367432,1.6399999856948853,1.6549999713897705,1.6549999713897705,50100
2025-08-28,1.690000057220459,1.6950000524520874,1.6519999504089355,1.6799999475479126,1.6799999475479126,19300
2025-08-29,1.7599999904632568,1.7599999904632568,1.6990000009536743,1.7100000381469727,1.7100000381469727,3800
2025-09-02,1.690000057220459,1.7000000476837158,1.6399999856948853,1.659999966621399,1.659999966621399,20600
2025-09-03,1.649999976158142,1.649999976158142,1.600000023841858,1.649999976158142,1.649999976158142,6100
2025-09-04,1.5499999523162842,1.6399999856948853,1.5499999523162842,1.590000033378601,1.590000033378601,11200
2025-09-05,1.4500000476837158,1.600000023841858,1.4500000476837158,1.4900000095367432,1.4900000095367432,43200
2025-09-08,1.600000023841858,2.1500000953674316,1.409999966621399,1.5499999523162842,1.5499999523162842,1534400
2025-09-09,1.5700000524520874,1.5700000524520874,1.4520000219345093,1.4600000381469727,1.4600000381469727,115800
2025-09-10,1.5499999523162842,1.8300000429153442,1.4950000047683716,1.590000033378601,1.590000033378601,115400
2025-09-11,1.5299999713897705,1.7100000381469727,1.5299999713897705,1.6299999952316284,1.6299999952316284,346700
2025-09-12,1.600000023841858,1.6749999523162842,1.5499999523162842,1.5800000429153442,1.5800000429153442,22800
2025-09-15,1.649999976158142,1.6610000133514404,1.559999942779541,1.5800000429153442,1.5800000429153442,43100
2025-09-16,1.5399999618530273,1.7599999904632568,1.5399999618530273,1.6100000143051147,1.6100000143051147,470000
2025-09-17,1.590000033378601,1.6399999856948853,1.5800000429153442,1.5800000429153442,1.5800000429153442,16700
2025-09-18,1.5859999656677246,1.6200000047683716,1.5800000429153442,1.6100000143051147,1.6100000143051147,4000
2025-09-19,1.600000023841858,1.690000057220459,1.600000023841858,1.6200000047683716,1.6200000047683716,50800
2025-09-22,1.590000033378601,1.6380000114440918,1.5499999523162842,1.5499999523162842,1.5499999523162842,26000
2025-09-23,1.5700000524520874,1.6150000095367432,1.5399999618530273,1.559999942779541,1.559999942779541,22800
2025-09-24,1.5449999570846558,1.5800000429153442,1.5199999809265137,1.5399999618530273,1.5399999618530273,5900
2025-09-25,1.5199999809265137,1.559999942779541,1.4520000219345093,1.4700000286102295,1.4700000286102295,33000
2025-09-26,1.4700000286102295,1.5490000247955322,1.4700000286102295,1.4900000095367432,1.4900000095367432,44800
2025-09-29,1.4800000190734863,1.5679999589920044,1.4299999475479126,1.4700000286102295,1.4700000286102295,655000
2025-09-30,1.4299999475479126,1.5099999904632568,1.3730000257492065,1.4800000190734863,1.4800000190734863,39400
2025-10-01,1.4500000476837158,1.4900000095367432,1.4500000476837158,1.4900000095367432,1.4900000095367432,9600
2025-10-02,1.4900000095367432,1.5299999713897705,1.4500000476837158,1.4900000095367432,1.4900000095367432,16900
2025-10-03,1.4900000095367432,1.5520000457763672,1.4900000095367432,1.5399999618530273,1.5399999618530273,16800
2025-10-06,1.600000023841858,1.74399995803833,1.600000023841858,1.690000057220459,1.690000057220459,234100
2025-10-07,1.690000057220459,1.7300000190734863,1.649999976158142,1.659999966621399,1.659999966621399,29900
2025-10-08,1.75,1.7649999856948853,1.600000023841858,1.649999976158142,1.649999976158142,146600
2025-10-09,1.659999966621399,1.7300000190734863,1.649999976158142,1.6699999570846558,1.6699999570846558,58900
2025-10-10,1.7200000286102295,1.7699999809265137,1.6100000143051147,1.6460000276565552,1.6460000276565552,80100
2025-10-13,1.7000000476837158,1.809999942779541,1.7000000476837158,1.809999942779541,1.809999942779541,128400
2025-10-14,1.7999999523162842,1.7999999523162842,1.7300000190734863,1.7799999713897705,1.7799999713897705,26600
2025-10-15,1.809999942779541,1.8200000524520874,1.75,1.75,1.75,26500
2025-10-16,1.7300000190734863,1.7400000095367432,1.6799999475479126,1.6799999475479126,1.6799999475479126,13600
2025-10-17,1.6799999475479126,1.6799999475479126,1.6399999856948853,1.659999966621399,1.659999966621399,38400
2025-10-20,1.649999976158142,1.659999966621399,1.6200000047683716,1.649999976158142,1.649999976158142,11200
2025-10-21,1.6100000143051147,1.649999976158142,1.600000023841858,1.6150000095367432,1.6150000095367432,25900
2025-10-22,1.6299999952316284,1.6299999952316284,1.565000057220459,1.5889999866485596,1.5889999866485596,25100
2025-10-23,1.590000033378601,1.6399999856948853,1.5499999523162842,1.6399999856948853,1.6399999856948853,27200
2025-10-24,1.600000023841858,1.649999976158142,1.590000033378601,1.6399999856948853,1.6399999856948853,9000
2025-10-27,1.649999976158142,1.649999976158142,1.590000033378601,1.6100000143051147,1.6100000143051147,13700
2025-10-28,1.6200000047683716,1.6699999570846558,1.5499999523162842,1.649999976158142,1.649999976158142,93300
2025-10-29,1.6200000047683716,1.649999976158142,1.6100000143051147,1.6380000114440918,1.6380000114440918,7400
2025-10-30,1.600000023841858,1.649999976158142,1.559999942779541,1.6299999952316284,1.6299999952316284,21500
2025-10-31,1.6100000143051147,1.649999976158142,1.590000033378601,1.6410000324249268,1.6410000324249268,14900
2025-11-03,1.6699999570846558,1.687999963760376,1.600000023841858,1.6100000143051147,1.6100000143051147,29100
2025-11-04,1.6200000047683716,1.6510000228881836,1.5149999856948853,1.5299999713897705,1.5299999713897705,35500
2025-11-05,1.5299999713897705,1.590000033378601,1.5099999904632568,1.5499999523162842,1.5499999523162842,27700
2025-11-06,1.5499999523162842,1.559999942779541,1.5299999713897705,1.5329999923706055,1.5329999923706055,24500
2025-11-07,1.5399999618530273,1.5399999618530273,1.4900000095367432,1.5,1.5,39200
2025-11-10,1.5099999904632568,1.5099999904632568,1.4110000133514404,1.4500000476837158,1.4500000476837158,17600
2025-11-11,1.440000057220459,1.4900000095367432,1.399999976158142,1.4299999475479126,1.4299999475479126,16000
2025-11-12,1.440000057220459,1.5099999904632568,1.440000057220459,1.5099999904632568,1.5099999904632568,14200
2025-11-13,1.4609999656677246,1.5,1.4500000476837158,1.4700000286102295,1.4700000286102295,8600
2025-11-14,1.440000057220459,1.440000057220459,1.4249999523162842,1.4249999523162842,1.4249999523162842,3000
2025-11-17,1.4670000076293945,1.4800000190734863,1.4299999475479126,1.4700000286102295,1.4700000286102295,26900
2025-11-18,1.4500000476837158,1.4500000476837158,1.3869999647140503,1.399999976158142,1.399999976158142,7700
2025-11-19,1.350000023841858,1.3700000047683716,1.350000023841858,1.3600000143051147,1.3600000143051147,3800
2025-11-20,1.3300000429153442,1.3890000581741333,1.284999966621399,1.284999966621399,1.284999966621399,8500
2025-11-21,1.25,1.2599999904632568,1.2000000476837158,1.2230000495910645,1.2230000495910645,16500
2025-11-24,1.2100000381469727,1.281000018119812,1.2100000381469727,1.2699999809265137,1.2699999809265137,10500
2025-11-25,1.2699999809265137,1.2699999809265137,1.0,1.0499999523162842,1.0499999523162842,254000
2025-11-26,1.149999976158142,1.1799999475479126,1.0,1.1299999952316284,1.1299999952316284,134500
2025-11-28,1.190000057220459,1.309999942779541,1.190000057220459,1.2999999523162842,1.2999999523162842,95400
2025-12-01,1.2999999523162842,1.3300000429153442,1.1699999570846558,1.2300000190734863,1.2300000190734863,49500
2025-12-02,1.190000057220459,1.190000057220459,0.9700000286102295,0.9869999885559082,0.9869999885559082,232500
2025-12-03,1.0,1.0,0.8059999942779541,0.8700000047683716,0.8700000047683716,564000
2025-12-04,0.8899999856948853,1.0499999523162842,0.8899999856948853,1.0499999523162842,1.0499999523162842,149400
2025-12-05,1.059999942779541,1.059999942779541,0.9800000190734863,1.0099999904632568,1.0099999904632568,101300
2025-12-08,1.0499999523162842,1.0700000524520874,0.9539999961853027,1.0,1.0,156700
2025-12-09,0.9940000176429749,1.0199999809265137,0.8679999709129333,0.8799999952316284,0.8799999952316284,219600
2025-12-10,0.9100000262260437,1.0299999713897705,0.8220000267028809,1.0,1.0,400400
2025-12-11,0.949999988079071,1.0299999713897705,0.9300000071525574,1.0299999713897705,1.0299999713897705,73200
2025-12-12,1.059999942779541,1.059999942779541,0.8930000066757202,0.8999999761581421,0.8999999761581421,1050800
2025-12-15,0.9100000262260437,0.949999988079071,0.8500000238418579,0.8529999852180481,0.8529999852180481,131500
2025-12-16,0.8460000157356262,0.8550000190734863,0.7599999904632568,0.7799999713897705,0.7799999713897705,320400
2025-12-17,0.8489999771118164,0.8600000143051147,0.7799999713897705,0.8050000071525574,0.8050000071525574,196200
2025-12-18,0.8050000071525574,0.8299999833106995,0.7279999852180481,0.7609999775886536,0.7609999775886536,149100
2025-12-19,0.7609999775886536,0.8130000233650208,0.7300000190734863,0.7649999856948853,0.7649999856948853,61300
2025-12-22,0.8050000071525574,0.9480000138282776,0.7649999856948853,0.9039999842643738,0.9039999842643738,242600
2025-12-23,0.9100000262260437,1.0399999618530273,0.8999999761581421,1.0299999713897705,1.0299999713897705,411200
2025-12-24,1.0199999809265137,1.0399999618530273,0.949999988079071,0.9589999914169312,0.9589999914169312,79300
2025-12-26,0.9750000238418579,1.0,0.9490000009536743,0.9599999785423279,0.9599999785423279,48600
2025-12-29,0.9580000042915344,1.0,0.9309999942779541,0.9860000014305115,0.9860000014305115,63000
2025-12-30,0.9800000190734863,1.0800000429153442,0.9700000286102295,1.0700000524520874,1.0700000524520874,73200
