date,open,high,low,close,adj_close,volume,"('date', '')","('open', 'MSDL')","('high', 'MSDL')","('low', 'MSDL')","('close', 'MSDL')","('adj_close', 'MSDL')","('volume', 'MSDL')","('currency', '')"
2024-01-24,20.450000762939453,20.649999618530273,20.299999237060547,20.639999389648438,17.1680965423584,951100,,,,,,,,
2024-01-25,20.600000381469727,20.670000076293945,20.510000228881836,20.649999618530273,17.176414489746094,171400,,,,,,,,
2024-01-26,20.639999389648438,20.639999389648438,20.260000228881836,20.450000762939453,17.010055541992188,180200,,,,,,,,
2024-01-29,20.68000030517578,20.68000030517578,20.329999923706055,20.329999923706055,16.910242080688477,31600,,,,,,,,
2024-01-30,20.520000457763672,20.700000762939453,20.309999465942383,20.5,17.05164337158203,147600,,,,,,,,
2024-01-31,20.479999542236328,20.5,20.25,20.469999313354492,17.02669334411621,121800,,,,,,,,
2024-02-01,20.309999465942383,20.399999618530273,20.25,20.280000686645508,16.868650436401367,43900,,,,,,,,
2024-02-02,20.31399917602539,20.649999618530273,20.18000030517578,20.479999542236328,17.035009384155273,50300,,,,,,,,
2024-02-05,20.6200008392334,20.670000076293945,20.219999313354492,20.31999969482422,16.90192413330078,235700,,,,,,,,
2024-02-06,20.290000915527344,20.59000015258789,20.209999084472656,20.350000381469727,16.926877975463867,110600,,,,,,,,
2024-02-07,20.309999465942383,20.459999084472656,20.239999771118164,20.329999923706055,16.910242080688477,31700,,,,,,,,
2024-02-08,20.350000381469727,20.43000030517578,20.280000686645508,20.280000686645508,16.868650436401367,42300,,,,,,,,
2024-02-09,20.239999771118164,20.579999923706055,20.239999771118164,20.56999969482422,17.1098690032959,72400,,,,,,,,
2024-02-12,20.780000686645508,20.780000686645508,20.440000534057617,20.600000381469727,17.13482666015625,96200,,,,,,,,
2024-02-13,20.649999618530273,20.649999618530273,20.3799991607666,20.579999923706055,17.118188858032227,90200,,,,,,,,
2024-02-14,20.81999969482422,20.81999969482422,20.420000076293945,20.600000381469727,17.13482666015625,129000,,,,,,,,
2024-02-15,20.719999313354492,20.719999313354492,20.549999237060547,20.549999237060547,17.093233108520508,67600,,,,,,,,
2024-02-16,20.440000534057617,20.600000381469727,20.420000076293945,20.450000762939453,17.010055541992188,234300,,,,,,,,
2024-02-20,20.450000762939453,20.59000015258789,20.31999969482422,20.360000610351562,16.935195922851562,146600,,,,,,,,
2024-02-21,20.229999542236328,20.479999542236328,20.229999542236328,20.40999984741211,16.97678565979004,176400,,,,,,,,
2024-02-22,20.440000534057617,20.600000381469727,20.38599967956543,20.5,17.05164337158203,137000,,,,,,,,
2024-02-23,20.600000381469727,20.600000381469727,20.18000030517578,20.200000762939453,16.80211067199707,60200,,,,,,,,
2024-02-26,20.360000610351562,20.399999618530273,19.809999465942383,19.809999465942383,16.47771453857422,84700,,,,,,,,
2024-02-27,20.049999237060547,20.229999542236328,19.479999542236328,19.700000762939453,16.386215209960938,42800,,,,,,,,
2024-02-28,19.829999923706055,19.89299964904785,19.56999969482422,19.649999618530273,16.34462547302246,45200,,,,,,,,
2024-02-29,19.559999465942383,19.850000381469727,19.049999237060547,19.6299991607666,16.32798957824707,70400,,,,,,,,
2024-03-01,20.18000030517578,20.18000030517578,19.6299991607666,19.790000915527344,16.461076736450195,42800,,,,,,,,
2024-03-04,20.040000915527344,20.399999618530273,20.010000228881836,20.010000228881836,16.644071578979492,61700,,,,,,,,
2024-03-05,20.020000457763672,20.25,19.799999237060547,19.8700008392334,16.52762222290039,37600,,,,,,,,
2024-03-06,19.889999389648438,20.020000457763672,19.799999237060547,19.889999389648438,16.544254302978516,21900,,,,,,,,
2024-03-07,19.93000030517578,20.40999984741211,19.90999984741211,20.360000610351562,16.935195922851562,72800,,,,,,,,
2024-03-08,20.489999771118164,20.489999771118164,19.93000030517578,20.0,16.635753631591797,36200,,,,,,,,
2024-03-11,20.5,20.690000534057617,20.049999237060547,20.600000381469727,17.13482666015625,574200,,,,,,,,
2024-03-12,20.600000381469727,20.600000381469727,20.40999984741211,20.459999084472656,17.018373489379883,139800,,,,,,,,
2024-03-13,20.719999313354492,20.719999313354492,20.399999618530273,20.579999923706055,17.118188858032227,377500,,,,,,,,
2024-03-14,20.549999237060547,20.700000762939453,20.549999237060547,20.670000076293945,17.193050384521484,132600,,,,,,,,
2024-03-15,20.5,22.1200008392334,20.450000762939453,22.1200008392334,18.39914321899414,2319100,,,,,,,,
2024-03-18,21.399999618530273,22.139999389648438,21.06999969482422,21.850000381469727,18.174560546875,195200,,,,,,,,
2024-03-19,21.850000381469727,21.950000762939453,21.420000076293945,21.760000228881836,18.099699020385742,143500,,,,,,,,
2024-03-20,21.829999923706055,22.25,21.610000610351562,22.15999984741211,18.432415008544922,203700,,,,,,,,
2024-03-21,22.010000228881836,22.969999313354492,21.239999771118164,21.239999771118164,17.66716766357422,345700,,,,,,,,
2024-03-22,21.3700008392334,22.549999237060547,20.934999465942383,22.43000030517578,18.65699577331543,203400,,,,,,,,
2024-03-25,22.25,22.309999465942383,21.75,21.809999465942383,18.141284942626953,97200,,,,,,,,
2024-03-26,21.924999237060547,22.68000030517578,21.760000228881836,22.530000686645508,18.740175247192383,150200,,,,,,,,
2024-03-27,22.549999237060547,22.549999237060547,21.7549991607666,22.219999313354492,18.90180206298828,117000,,,,,,,,
2024-03-28,22.229999542236328,22.350000381469727,21.549999237060547,21.549999237060547,18.33185577392578,166800,,,,,,,,
2024-04-01,21.600000381469727,21.834999084472656,21.360000610351562,21.559999465942383,18.340362548828125,81400,,,,,,,,
2024-04-02,21.489999771118164,21.6299991607666,21.049999237060547,21.290000915527344,18.110681533813477,144300,,,,,,,,
2024-04-03,21.43000030517578,21.690000534057617,21.049999237060547,21.34000015258789,18.153215408325195,92800,,,,,,,,
2024-04-04,21.350000381469727,21.93000030517578,21.139999389648438,21.190000534057617,18.025617599487305,68800,,,,,,,,
2024-04-05,21.360000610351562,21.440000534057617,21.100000381469727,21.170000076293945,18.008602142333984,37600,,,,,,,,
2024-04-08,21.350000381469727,21.39900016784668,20.920000076293945,20.969999313354492,17.838468551635742,38000,,,,,,,,
2024-04-09,20.920000076293945,21.59000015258789,20.700000762939453,21.579999923706055,18.357378005981445,73400,,,,,,,,
2024-04-10,22.200000762939453,22.200000762939453,20.93000030517578,21.739999771118164,18.493480682373047,88400,,,,,,,,
2024-04-11,21.450000762939453,22.1299991607666,20.899999618530273,21.09000015258789,17.940549850463867,121600,,,,,,,,
2024-04-12,21.479999542236328,21.479999542236328,20.899999618530273,21.09000015258789,17.940549850463867,24900,,,,,,,,
2024-04-15,21.270000457763672,21.270000457763672,20.68000030517578,20.8700008392334,17.753402709960938,42200,,,,,,,,
2024-04-16,20.969999313354492,21.34000015258789,20.75,21.34000015258789,18.153215408325195,65400,,,,,,,,
2024-04-17,21.59000015258789,21.59000015258789,21.059999465942383,21.209999084472656,18.042627334594727,27000,,,,,,,,
2024-04-18,21.149999618530273,21.34000015258789,21.149999618530273,21.260000228881836,18.085163116455078,23500,,,,,,,,
2024-04-19,21.350000381469727,21.520000457763672,21.15999984741211,21.229999542236328,18.05964469909668,30000,,,,,,,,
2024-04-22,21.079999923706055,21.729999542236328,20.950000762939453,21.18000030517578,18.01711082458496,34600,,,,,,,,
2024-04-23,21.440000534057617,21.989999771118164,21.079999923706055,21.760000228881836,18.510496139526367,47500,,,,,,,,
2024-04-24,21.889999389648438,21.889999389648438,21.156999588012695,21.639999389648438,18.408414840698242,38600,,,,,,,,
2024-04-25,21.389999389648438,21.829999923706055,21.110000610351562,21.549999237060547,18.33185577392578,33900,,,,,,,,
2024-04-26,22.0,22.0,21.360000610351562,21.469999313354492,18.263805389404297,39700,,,,,,,,
2024-04-29,21.540000915527344,22.1299991607666,21.200000762939453,21.899999618530273,18.629587173461914,55700,,,,,,,,
2024-04-30,22.360000610351562,22.360000610351562,21.309999465942383,21.5,18.289321899414062,50700,,,,,,,,
2024-05-01,21.329999923706055,21.920000076293945,21.295000076293945,21.6299991607666,18.399906158447266,28100,,,,,,,,
2024-05-02,21.850000381469727,21.850000381469727,21.229999542236328,21.43000030517578,18.22977638244629,35800,,,,,,,,
2024-05-03,21.350000381469727,22.190000534057617,21.350000381469727,21.700000762939453,18.459453582763672,33900,,,,,,,,
2024-05-06,22.0,22.8799991607666,21.8799991607666,22.829999923706055,19.42070770263672,101000,,,,,,,,
2024-05-07,22.75,22.940000534057617,22.290000915527344,22.290000915527344,18.961347579956055,75700,,,,,,,,
2024-05-08,22.350000381469727,22.95400047302246,22.350000381469727,22.93000030517578,19.50577163696289,58400,,,,,,,,
2024-05-09,22.719999313354492,23.329999923706055,22.69499969482422,23.31999969482422,19.83753204345703,66300,,,,,,,,
2024-05-10,23.020000457763672,23.030000686645508,22.25,22.260000228881836,18.935827255249023,49900,,,,,,,,
2024-05-13,22.25,22.40999984741211,21.829999923706055,22.329999923706055,18.99537467956543,36900,,,,,,,,
2024-05-14,22.309999465942383,22.75,22.225000381469727,22.399999618530273,19.054920196533203,72900,,,,,,,,
2024-05-15,22.43000030517578,22.43000030517578,22.020000457763672,22.239999771118164,18.918813705444336,36500,,,,,,,,
2024-05-16,22.280000686645508,22.829999923706055,22.030000686645508,22.799999237060547,19.395185470581055,43500,,,,,,,,
2024-05-17,22.030000686645508,23.450000762939453,22.010000228881836,23.049999237060547,19.607852935791016,64600,,,,,,,,
2024-05-20,23.049999237060547,23.049999237060547,22.56999969482422,22.989999771118164,19.55681610107422,43000,,,,,,,,
2024-05-21,22.790000915527344,23.1299991607666,22.729999542236328,22.799999237060547,19.395185470581055,16900,,,,,,,,
2024-05-22,22.790000915527344,22.790000915527344,22.100000381469727,22.190000534057617,18.87628173828125,31700,,,,,,,,
2024-05-23,22.200000762939453,22.850000381469727,21.90999984741211,22.229999542236328,18.91030502319336,36100,,,,,,,,
2024-05-24,22.020000457763672,22.274999618530273,21.829999923706055,21.889999389648438,18.621082305908203,41900,,,,,,,,
2024-05-28,22.049999237060547,22.510000228881836,21.889999389648438,22.489999771118164,19.13148307800293,65800,,,,,,,,
2024-05-29,22.315000534057617,23.049999237060547,22.225000381469727,23.0,19.565319061279297,32100,,,,,,,,
2024-05-30,23.049999237060547,23.219999313354492,22.989999771118164,23.110000610351562,19.65889549255371,26800,,,,,,,,
2024-05-31,23.079999923706055,23.18000030517578,22.934999465942383,23.149999618530273,19.692920684814453,22800,,,,,,,,
2024-06-03,23.200000762939453,23.43000030517578,23.089000701904297,23.15999984741211,19.701431274414062,29200,,,,,,,,
2024-06-04,23.399999618530273,23.399999618530273,23.15999984741211,23.31999969482422,19.83753204345703,23900,,,,,,,,
2024-06-05,23.1299991607666,23.399999618530273,23.049999237060547,23.18000030517578,19.718441009521484,37200,,,,,,,,
2024-06-06,23.174999237060547,23.280000686645508,22.75,23.100000381469727,19.650388717651367,20300,,,,,,,,
2024-06-07,23.100000381469727,23.329999923706055,22.81999969482422,23.290000915527344,19.812013626098633,35400,,,,,,,,
2024-06-10,23.399999618530273,23.399999618530273,22.56999969482422,22.610000610351562,19.23356056213379,29700,,,,,,,,
2024-06-11,22.8700008392334,23.1200008392334,22.621000289916992,23.1200008392334,19.667402267456055,29600,,,,,,,,
2024-06-12,23.25,23.399999618530273,22.860000610351562,23.0,19.565319061279297,28700,,,,,,,,
2024-06-13,23.0,23.0,22.659000396728516,22.799999237060547,19.395185470581055,26200,,,,,,,,
2024-06-14,22.6299991607666,22.979999542236328,22.6299991607666,22.770000457763672,19.369670867919922,10000,,,,,,,,
2024-06-17,22.75,23.280000686645508,22.170000076293945,22.399999618530273,19.054920196533203,30900,,,,,,,,
2024-06-18,22.270000457763672,22.860000610351562,22.270000457763672,22.670000076293945,19.28460121154785,18700,,,,,,,,
2024-06-20,22.6299991607666,23.010000228881836,22.6299991607666,22.889999389648438,19.47174644470215,8500,,,,,,,,
2024-06-21,22.729999542236328,24.18000030517578,22.56999969482422,24.1299991607666,20.526573181152344,184800,,,,,,,,
2024-06-24,23.770000457763672,23.815000534057617,22.670000076293945,23.010000228881836,19.573827743530273,40700,,,,,,,,
2024-06-25,23.209999084472656,23.719999313354492,23.19099998474121,23.56999969482422,20.050199508666992,14600,,,,,,,,
2024-06-26,23.549999237060547,23.950000762939453,23.530000686645508,23.559999465942383,20.04169464111328,31400,,,,,,,,
2024-06-27,23.670000076293945,23.829999923706055,23.549999237060547,23.549999237060547,20.033185958862305,18300,,,,,,,,
2024-06-28,23.25,23.34000015258789,21.75,21.850000381469727,18.990245819091797,194200,,,,,,,,
2024-07-01,21.969999313354492,22.299999237060547,21.729999542236328,21.729999542236328,18.885950088500977,58900,,,,,,,,
2024-07-02,21.75,22.360000610351562,21.75,21.84000015258789,18.981552124023438,52200,,,,,,,,
2024-07-03,21.850000381469727,22.639999389648438,21.850000381469727,22.6200008392334,19.65946388244629,9000,,,,,,,,
2024-07-05,22.6200008392334,23.149999618530273,22.6200008392334,23.06999969482422,20.050567626953125,30400,,,,,,,,
2024-07-08,23.0,23.25,22.850000381469727,23.209999084472656,20.172245025634766,46500,,,,,,,,
2024-07-09,23.68000030517578,23.68000030517578,23.1299991607666,23.43000030517578,20.363452911376953,56800,,,,,,,,
2024-07-10,23.3700008392334,23.489999771118164,23.200000762939453,23.399999618530273,20.337377548217773,16900,,,,,,,,
2024-07-11,23.399999618530273,23.450000762939453,23.1200008392334,23.440000534057617,20.37214469909668,12000,,,,,,,,
2024-07-12,23.489999771118164,23.6299991607666,23.110000610351562,23.469999313354492,20.398216247558594,22300,,,,,,,,
2024-07-15,23.600000381469727,23.6200008392334,23.040000915527344,23.1200008392334,20.09402847290039,24100,,,,,,,,
2024-07-16,23.440000534057617,23.440000534057617,23.125,23.270000457763672,20.224393844604492,31200,,,,,,,,
2024-07-17,23.54400062561035,23.54400062561035,22.9060001373291,23.25,20.20701026916504,14000,,,,,,,,
2024-07-18,23.110000610351562,23.209999084472656,22.924999237060547,23.100000381469727,20.076641082763672,8500,,,,,,,,
2024-07-19,22.8700008392334,22.8700008392334,22.3700008392334,22.5,19.555173873901367,42100,,,,,,,,
2024-07-22,22.3799991607666,22.450000762939453,20.90999984741211,21.1299991607666,18.364479064941406,311000,,,,,,,,
2024-07-23,20.860000610351562,21.059999465942383,20.059999465942383,20.420000076293945,17.747404098510742,682500,,,,,,,,
2024-07-24,20.079999923706055,20.43899917602539,19.950000762939453,19.979999542236328,17.364992141723633,313800,,,,,,,,
2024-07-25,20.09000015258789,20.399999618530273,19.280000686645508,19.520000457763672,16.96519660949707,820100,,,,,,,,
2024-07-26,19.700000762939453,19.98900032043457,19.479999542236328,19.799999237060547,17.20855140686035,464700,,,,,,,,
2024-07-29,19.850000381469727,20.295000076293945,19.709999084472656,20.200000762939453,17.55620002746582,447500,,,,,,,,
2024-07-30,20.299999237060547,20.639999389648438,20.299999237060547,20.59000015258789,17.895156860351562,456900,,,,,,,,
2024-07-31,20.5,21.309999465942383,20.309999465942383,20.399999618530273,17.730022430419922,878300,,,,,,,,
2024-08-01,20.420000076293945,20.530000686645508,20.149999618530273,20.389999389648438,17.721330642700195,359600,,,,,,,,
2024-08-02,20.200000762939453,20.399999618530273,20.010000228881836,20.149999618530273,17.51274299621582,175700,,,,,,,,
2024-08-05,19.75,20.170000076293945,19.600000381469727,19.68000030517578,17.18956756591797,300900,,,,,,,,
2024-08-06,19.760000228881836,20.3439998626709,19.549999237060547,19.75,17.250707626342773,241200,,,,,,,,
2024-08-07,19.969999313354492,20.110000610351562,19.280000686645508,19.329999923706055,16.88385581970215,252400,,,,,,,,
2024-08-08,19.34000015258789,19.739999771118164,19.280000686645508,19.3700008392334,16.918798446655273,197100,,,,,,,,
2024-08-09,19.889999389648438,20.229999542236328,19.709999084472656,19.790000915527344,17.285648345947266,245100,,,,,,,,
2024-08-12,19.639999389648438,20.06999969482422,19.639999389648438,19.81999969482422,17.31184959411621,224000,,,,,,,,
2024-08-13,19.969999313354492,20.045000076293945,19.350000381469727,19.56999969482422,17.093486785888672,352900,,,,,,,,
2024-08-14,19.5,20.0,19.5,19.90999984741211,17.390459060668945,189400,,,,,,,,
2024-08-15,19.8799991607666,20.0,19.780000686645508,19.8700008392334,17.35552215576172,125100,,,,,,,,
2024-08-16,19.940000534057617,20.32699966430664,19.850000381469727,20.110000610351562,17.56515121459961,267900,,,,,,,,
2024-08-19,20.5,20.584999084472656,20.049999237060547,20.260000228881836,17.696168899536133,206500,,,,,,,,
2024-08-20,20.209999084472656,20.420000076293945,20.0,20.260000228881836,17.696168899536133,142400,,,,,,,,
2024-08-21,20.3700008392334,20.4060001373291,20.040000915527344,20.25,17.68743133544922,95800,,,,,,,,
2024-08-22,20.270000457763672,20.429000854492188,20.149999618530273,20.31999969482422,17.748573303222656,176800,,,,,,,,
2024-08-23,20.329999923706055,20.770000457763672,20.209999084472656,20.700000762939453,18.080486297607422,273300,,,,,,,,
2024-08-26,20.700000762939453,20.940000534057617,20.450000762939453,20.59000015258789,17.98440933227539,202600,,,,,,,,
2024-08-27,20.5,20.881999969482422,20.5,20.639999389648438,18.028079986572266,99000,,,,,,,,
2024-08-28,20.540000915527344,20.639999389648438,20.209999084472656,20.360000610351562,17.78351402282715,125300,,,,,,,,
2024-08-29,20.290000915527344,20.700000762939453,20.260000228881836,20.670000076293945,18.054283142089844,207000,,,,,,,,
2024-08-30,20.670000076293945,20.850000381469727,20.440000534057617,20.65999984741211,18.04555320739746,230200,,,,,,,,
2024-09-03,20.510000228881836,20.604999542236328,20.059999465942383,20.15999984741211,17.608821868896484,110100,,,,,,,,
2024-09-04,20.09000015258789,20.260000228881836,20.030000686645508,20.209999084472656,17.652494430541992,104800,,,,,,,,
2024-09-05,20.329999923706055,20.360000610351562,20.010000228881836,20.09000015258789,17.547679901123047,148800,,,,,,,,
2024-09-06,20.100000381469727,20.170000076293945,19.940000534057617,20.049999237060547,17.512741088867188,112600,,,,,,,,
2024-09-09,20.06999969482422,20.200000762939453,19.690000534057617,19.729999542236328,17.233238220214844,331300,,,,,,,,
2024-09-10,19.739999771118164,19.979999542236328,19.729999542236328,19.860000610351562,17.34678840637207,125000,,,,,,,,
2024-09-11,19.760000228881836,20.06999969482422,19.746000289916992,20.020000457763672,17.486539840698242,114300,,,,,,,,
2024-09-12,19.989999771118164,20.190000534057617,19.989999771118164,20.15999984741211,17.608821868896484,114100,,,,,,,,
2024-09-13,20.25,20.25,20.06999969482422,20.110000610351562,17.56515121459961,101900,,,,,,,,
2024-09-16,19.93000030517578,20.25,19.93000030517578,20.1299991607666,17.582618713378906,129400,,,,,,,,
2024-09-17,20.049999237060547,20.219999313354492,19.889999389648438,19.940000534057617,17.416662216186523,164900,,,,,,,,
2024-09-18,20.06999969482422,20.25,19.899999618530273,20.170000076293945,17.6175594329834,179700,,,,,,,,
2024-09-19,20.25,20.25,19.950000762939453,20.1200008392334,17.573884963989258,120700,,,,,,,,
2024-09-20,20.06999969482422,20.2549991607666,20.020000457763672,20.15999984741211,17.608821868896484,182700,,,,,,,,
2024-09-23,20.0,20.211999893188477,19.979999542236328,20.139999389648438,17.591350555419922,217800,,,,,,,,
2024-09-24,20.139999389648438,20.219999313354492,20.020000457763672,20.040000915527344,17.504009246826172,126200,,,,,,,,
2024-09-25,19.950000762939453,20.049999237060547,19.860000610351562,19.920000076293945,17.399194717407227,144200,,,,,,,,
2024-09-26,20.079999923706055,20.149999618530273,19.829999923706055,19.8799991607666,17.364255905151367,131100,,,,,,,,
2024-09-27,19.84000015258789,20.06999969482422,19.84000015258789,20.020000457763672,17.486539840698242,131700,,,,,,,,
2024-09-30,19.950000762939453,19.969999313354492,19.690000534057617,19.780000686645508,17.71945571899414,254400,,,,,,,,
2024-10-01,19.8700008392334,19.940000534057617,19.719999313354492,19.8700008392334,17.800079345703125,140700,,,,,,,,
2024-10-02,19.8700008392334,20.170000076293945,19.850000381469727,20.139999389648438,18.041950225830078,130000,,,,,,,,
2024-10-03,20.040000915527344,20.15999984741211,19.8799991607666,20.09000015258789,17.997159957885742,111600,,,,,,,,
2024-10-04,20.079999923706055,20.200000762939453,20.079999923706055,20.18000030517578,18.077783584594727,88500,,,,,,,,
2024-10-07,20.200000762939453,20.200000762939453,19.989999771118164,20.0,17.916536331176758,92800,,,,,,,,
2024-10-08,19.959999084472656,20.079999923706055,19.809999465942383,19.920000076293945,17.84486961364746,150800,,,,,,,,
2024-10-09,19.829999923706055,20.059999465942383,19.809999465942383,19.84000015258789,17.773202896118164,121300,,,,,,,,
2024-10-10,19.760000228881836,20.149999618530273,19.760000228881836,20.1299991607666,18.032991409301758,131700,,,,,,,,
2024-10-11,20.15999984741211,20.200000762939453,19.75,20.09000015258789,17.997159957885742,523700,,,,,,,,
2024-10-14,20.079999923706055,20.25,19.959999084472656,20.139999389648438,18.041950225830078,168500,,,,,,,,
2024-10-15,20.200000762939453,20.200000762939453,19.979999542236328,20.020000457763672,17.934452056884766,101800,,,,,,,,
2024-10-16,20.079999923706055,20.25,19.979999542236328,20.100000381469727,18.006120681762695,156300,,,,,,,,
2024-10-17,20.100000381469727,20.200000762939453,19.93000030517578,20.200000762939453,18.095701217651367,217600,,,,,,,,
2024-10-18,20.200000762939453,20.290000915527344,20.010000228881836,20.020000457763672,17.934452056884766,203300,,,,,,,,
2024-10-21,20.020000457763672,20.079999923706055,19.579999923706055,20.049999237060547,17.96132469177246,862900,,,,,,,,
2024-10-22,20.049999237060547,20.139999389648438,19.600000381469727,19.65999984741211,17.61195182800293,722600,,,,,,,,
2024-10-23,19.690000534057617,19.836000442504883,19.510000228881836,19.559999465942383,17.522371292114258,475100,,,,,,,,
2024-10-24,19.579999923706055,19.719999313354492,19.479999542236328,19.6200008392334,17.576122283935547,704200,,,,,,,,
2024-10-25,19.540000915527344,19.809999465942383,19.530000686645508,19.809999465942383,17.746328353881836,545200,,,,,,,,
2024-10-28,19.889999389648438,20.385000228881836,19.860000610351562,20.25,18.140491485595703,2055100,,,,,,,,
2024-10-29,20.25,20.329999923706055,19.90999984741211,19.950000762939453,17.87174415588379,659000,,,,,,,,
2024-10-30,19.959999084472656,20.149999618530273,19.829999923706055,19.889999389648438,17.817995071411133,680000,,,,,,,,
2024-10-31,19.950000762939453,19.950000762939453,19.799999237060547,19.8799991607666,17.809038162231445,496900,,,,,,,,
2024-11-01,20.0,20.139999389648438,19.90999984741211,20.020000457763672,17.934452056884766,373000,,,,,,,,
2024-11-04,20.139999389648438,20.139999389648438,19.6200008392334,19.639999389648438,17.682361602783203,447000,,,,,,,,
2024-11-05,19.75,19.799999237060547,19.520000457763672,19.6299991607666,17.673357009887695,424800,,,,,,,,
2024-11-06,19.8700008392334,19.920000076293945,19.670000076293945,19.84000015258789,17.862424850463867,446200,,,,,,,,
2024-11-07,19.850000381469727,20.239999771118164,19.81999969482422,20.219999313354492,18.204547882080078,618500,,,,,,,,
2024-11-08,20.110000610351562,20.299999237060547,19.81800079345703,20.239999771118164,18.22255516052246,571800,,,,,,,,
2024-11-11,20.290000915527344,20.5,20.100000381469727,20.110000610351562,18.105514526367188,575400,,,,,,,,
2024-11-12,20.3700008392334,20.489999771118164,19.8799991607666,19.959999084472656,17.9704647064209,464300,,,,,,,,
2024-11-13,20.100000381469727,20.43400001525879,20.030000686645508,20.290000915527344,18.267574310302734,777700,,,,,,,,
2024-11-14,20.270000457763672,20.368999481201172,20.145000457763672,20.209999084472656,18.195545196533203,415400,,,,,,,,
2024-11-15,20.200000762939453,20.44499969482422,20.1200008392334,20.329999923706055,18.3035831451416,631800,,,,,,,,
2024-11-18,20.3700008392334,20.639999389648438,20.299999237060547,20.549999237060547,18.50165557861328,533000,,,,,,,,
2024-11-19,20.520000457763672,20.610000610351562,20.219999313354492,20.56999969482422,18.519662857055664,315000,,,,,,,,
2024-11-20,20.639999389648438,20.649999618530273,20.18000030517578,20.479999542236328,18.43863296508789,1186500,,,,,,,,
2024-11-21,20.520000457763672,20.649999618530273,20.420000076293945,20.6299991607666,18.573680877685547,360800,,,,,,,,
2024-11-22,20.670000076293945,20.670000076293945,20.350000381469727,20.43000030517578,18.393617630004883,406500,,,,,,,,
2024-11-25,20.520000457763672,20.93000030517578,20.520000457763672,20.799999237060547,18.72673797607422,911800,,,,,,,,
2024-11-26,20.8700008392334,20.93000030517578,20.690000534057617,20.739999771118164,18.672718048095703,535200,,,,,,,,
2024-11-27,20.68000030517578,20.899999618530273,20.6299991607666,20.84000015258789,18.76274871826172,441000,,,,,,,,
2024-11-29,21.0,21.420000076293945,20.95199966430664,21.34000015258789,19.21291160583496,376900,,,,,,,,
2024-12-02,21.43000030517578,21.719999313354492,21.239999771118164,21.270000457763672,19.14988899230957,470100,,,,,,,,
2024-12-03,21.299999237060547,21.3700008392334,21.020000457763672,21.079999923706055,18.97882843017578,283100,,,,,,,,
2024-12-04,21.34000015258789,21.385000228881836,21.10099983215332,21.329999923706055,19.203908920288086,415500,,,,,,,,
2024-12-05,21.389999389648438,21.399999618530273,20.979999542236328,21.010000228881836,18.91580581665039,422100,,,,,,,,
2024-12-06,21.010000228881836,21.18000030517578,20.950000762939453,21.1299991607666,19.023841857910156,250500,,,,,,,,
2024-12-09,21.200000762939453,21.229999542236328,20.950000762939453,20.969999313354492,18.879793167114258,282500,,,,,,,,
2024-12-10,20.950000762939453,21.149999618530273,20.8799991607666,21.059999465942383,18.9608211517334,303600,,,,,,,,
2024-12-11,21.239999771118164,21.43000030517578,21.020000457763672,21.389999389648438,19.2579288482666,451600,,,,,,,,
2024-12-12,21.459999084472656,21.56999969482422,21.219999313354492,21.299999237060547,19.176898956298828,415300,,,,,,,,
2024-12-13,21.309999465942383,21.309999465942383,21.059999465942383,21.18000030517578,19.068862915039062,269800,,,,,,,,
2024-12-16,21.209999084472656,21.350000381469727,21.030000686645508,21.239999771118164,19.122879028320312,396300,,,,,,,,
2024-12-17,21.25,21.489999771118164,21.200000762939453,21.3799991607666,19.248924255371094,308500,,,,,,,,
2024-12-18,21.3799991607666,21.6200008392334,20.799999237060547,20.850000381469727,18.771751403808594,397400,,,,,,,,
2024-12-19,21.479999542236328,21.479999542236328,20.610000610351562,20.639999389648438,18.582683563232422,554300,,,,,,,,
2024-12-20,20.610000610351562,21.06999969482422,20.610000610351562,20.84000015258789,18.76274871826172,474200,,,,,,,,
2024-12-23,21.0,21.0,20.6200008392334,20.760000228881836,18.690725326538086,225500,,,,,,,,
2024-12-24,20.649999618530273,21.06999969482422,20.649999618530273,21.010000228881836,18.91580581665039,161300,,,,,,,,
2024-12-26,21.0,21.290000915527344,20.94499969482422,21.18000030517578,19.068862915039062,322900,,,,,,,,
2024-12-27,21.059999465942383,21.350000381469727,21.02199935913086,21.350000381469727,19.221914291381836,315100,,,,,,,,
2024-12-30,21.299999237060547,21.43000030517578,21.1200008392334,21.329999923706055,19.203908920288086,279000,,,,,,,,
2024-12-31,20.809999465942383,20.951000213623047,20.600000381469727,20.65999984741211,19.047178268432617,364500,,,,,,,,
2025-01-02,20.979999542236328,21.170000076293945,20.770000457763672,20.90999984741211,19.27766227722168,384100,,,,,,,,
2025-01-03,20.950000762939453,20.989999771118164,20.780000686645508,20.81999969482422,19.194690704345703,353000,,,,,,,,
2025-01-06,20.760000228881836,20.920000076293945,20.469999313354492,20.5,18.899669647216797,347100,,,,,,,,
2025-01-07,20.559999465942383,20.760000228881836,20.329999923706055,20.709999084472656,19.09327507019043,316500,,,,,,,,
2025-01-08,20.760000228881836,20.760000228881836,20.459999084472656,20.530000686645508,18.92732810974121,177700,,,,,,,,
2025-01-10,20.399999618530273,20.579999923706055,20.229999542236328,20.520000457763672,18.918107986450195,679600,,,,,,,,
2025-01-13,20.520000457763672,20.93000030517578,20.399999618530273,20.93000030517578,19.29610252380371,448200,,,,,,,,
2025-01-14,20.920000076293945,21.06999969482422,20.760000228881836,21.020000457763672,19.37907600402832,345600,,,,,,,,
2025-01-15,21.18000030517578,21.18000030517578,20.8799991607666,21.049999237060547,19.4067325592041,336600,,,,,,,,
2025-01-16,21.0,21.28499984741211,20.8799991607666,21.25,19.591121673583984,319400,,,,,,,,
2025-01-17,21.309999465942383,21.577999114990234,21.229999542236328,21.43000030517578,19.757068634033203,278200,,,,,,,,
2025-01-21,21.5,21.684999465942383,21.43000030517578,21.610000610351562,19.923019409179688,376400,,,,,,,,
2025-01-22,21.5,21.524999618530273,20.899999618530273,21.170000076293945,19.517366409301758,1005100,,,,,,,,
2025-01-23,20.940000534057617,21.100000381469727,20.649999618530273,20.799999237060547,19.176250457763672,1443700,,,,,,,,
2025-01-24,20.760000228881836,21.0,20.639999389648438,20.790000915527344,19.16703224182129,1111100,,,,,,,,
2025-01-27,20.700000762939453,21.049999237060547,20.549999237060547,21.030000686645508,19.388296127319336,1629900,,,,,,,,
2025-01-28,21.0,21.75,20.889999389648438,21.079999923706055,19.434391021728516,1356400,,,,,,,,
2025-01-29,21.079999923706055,21.200000762939453,20.799999237060547,20.8799991607666,19.2500057220459,894700,,,,,,,,
2025-01-30,21.06999969482422,21.15999984741211,20.809999465942383,21.049999237060547,19.4067325592041,825900,,,,,,,,
2025-01-31,21.010000228881836,21.18000030517578,20.860000610351562,21.010000228881836,19.369857788085938,595100,,,,,,,,
2025-02-03,20.799999237060547,21.05500030517578,20.749000549316406,20.989999771118164,19.351417541503906,434600,,,,,,,,
2025-02-04,21.110000610351562,21.110000610351562,20.639999389648438,20.739999771118164,19.120935440063477,653100,,,,,,,,
2025-02-05,20.700000762939453,20.81999969482422,20.6200008392334,20.81999969482422,19.194690704345703,468200,,,,,,,,
2025-02-06,20.81999969482422,20.8799991607666,20.700000762939453,20.760000228881836,19.139373779296875,525100,,,,,,,,
2025-02-07,20.780000686645508,20.854000091552734,20.579999923706055,20.65999984741211,19.047178268432617,757300,,,,,,,,
2025-02-10,20.6200008392334,20.726999282836914,20.399999618530273,20.579999923706055,18.97342300415039,686800,,,,,,,,
2025-02-11,20.479999542236328,20.719999313354492,20.479999542236328,20.59000015258789,18.982643127441406,634900,,,,,,,,
2025-02-12,20.450000762939453,20.559999465942383,20.389999389648438,20.469999313354492,18.87200927734375,532800,,,,,,,,
2025-02-13,20.579999923706055,20.65999984741211,20.46500015258789,20.65999984741211,19.047178268432617,592000,,,,,,,,
2025-02-14,20.6200008392334,20.889999389648438,20.6200008392334,20.889999389648438,19.25922393798828,445800,,,,,,,,
2025-02-18,20.899999618530273,20.959999084472656,20.739999771118164,20.959999084472656,19.32375717163086,440000,,,,,,,,
2025-02-19,20.899999618530273,21.0,20.81100082397461,20.979999542236328,19.34219741821289,400100,,,,,,,,
2025-02-20,21.0,21.0,20.700000762939453,20.829999923706055,19.203908920288086,537100,,,,,,,,
2025-02-21,20.899999618530273,20.90999984741211,20.559999465942383,20.700000762939453,19.084056854248047,756200,,,,,,,,
2025-02-24,20.719999313354492,20.760000228881836,20.5,20.600000381469727,18.991863250732422,800700,,,,,,,,
2025-02-25,20.649999618530273,21.0,20.540000915527344,20.959999084472656,19.32375717163086,1363300,,,,,,,,
2025-02-26,20.959999084472656,21.0,20.700000762939453,20.75,19.13015365600586,846800,,,,,,,,
2025-02-27,20.780000686645508,20.850000381469727,20.610000610351562,20.700000762939453,19.084056854248047,549400,,,,,,,,
2025-02-28,20.479999542236328,20.639999389648438,20.1299991607666,20.239999771118164,18.65996742248535,1569400,,,,,,,,
2025-03-03,20.450000762939453,20.579999923706055,20.28700065612793,20.40999984741211,18.816696166992188,1063600,,,,,,,,
2025-03-04,20.25,20.305999755859375,20.010000228881836,20.059999465942383,18.4940185546875,759700,,,,,,,,
2025-03-05,20.200000762939453,20.225000381469727,19.950000762939453,20.1299991607666,18.55855369567871,710800,,,,,,,,
2025-03-06,20.1299991607666,20.15999984741211,19.950000762939453,19.979999542236328,18.42026138305664,589400,,,,,,,,
2025-03-07,20.09000015258789,20.319000244140625,20.010000228881836,20.239999771118164,18.65996742248535,635000,,,,,,,,
2025-03-10,20.15999984741211,20.329999923706055,20.05500030517578,20.149999618530273,18.57699203491211,598000,,,,,,,,
2025-03-11,20.200000762939453,20.309999465942383,19.959999084472656,20.079999923706055,18.512454986572266,693400,,,,,,,,
2025-03-12,20.260000228881836,20.299999237060547,20.055999755859375,20.110000610351562,18.540115356445312,564000,,,,,,,,
2025-03-13,20.049999237060547,20.15999984741211,19.8700008392334,19.90999984741211,18.355728149414062,767100,,,,,,,,
2025-03-14,20.100000381469727,20.260000228881836,20.0,20.1299991607666,18.55855369567871,663400,,,,,,,,
2025-03-17,20.209999084472656,20.524999618530273,20.209999084472656,20.510000228881836,18.908889770507812,553600,,,,,,,,
2025-03-18,20.56999969482422,20.649999618530273,20.399999618530273,20.6299991607666,19.019521713256836,447500,,,,,,,,
2025-03-19,20.59000015258789,20.729999542236328,20.485000610351562,20.56999969482422,18.964204788208008,557700,,,,,,,,
2025-03-20,20.600000381469727,20.639999389648438,20.450000762939453,20.549999237060547,18.94576644897461,726500,,,,,,,,
2025-03-21,20.520000457763672,20.799999237060547,20.520000457763672,20.729999542236328,19.11171531677246,609700,,,,,,,,
2025-03-24,20.729999542236328,20.780000686645508,20.600000381469727,20.639999389648438,19.02873992919922,501300,,,,,,,,
2025-03-25,20.75,20.75,20.6200008392334,20.719999313354492,19.102495193481445,357300,,,,,,,,
2025-03-26,20.690000534057617,20.704999923706055,20.5,20.649999618530273,19.037960052490234,426500,,,,,,,,
2025-03-27,20.6299991607666,20.889999389648438,20.6299991607666,20.8700008392334,19.240787506103516,615700,,,,,,,,
2025-03-28,20.8799991607666,20.899999618530273,20.549999237060547,20.670000076293945,19.056398391723633,579200,,,,,,,,
2025-03-31,20.059999465942383,20.15999984741211,19.850000381469727,19.959999084472656,18.85799217224121,1051300,,,,,,,,
2025-04-01,19.950000762939453,20.424999237060547,19.950000762939453,20.3799991607666,19.254804611206055,517700,,,,,,,,
2025-04-02,20.360000610351562,20.3799991607666,20.170000076293945,20.280000686645508,19.16032600402832,476600,,,,,,,,
2025-04-03,19.889999389648438,20.450000762939453,19.889999389648438,20.079999923706055,18.97136688232422,614700,,,,,,,,
2025-04-04,19.969999313354492,20.010000228881836,18.6299991607666,18.760000228881836,17.724246978759766,1548800,,,,,,,,
2025-04-07,18.25,18.969999313354492,17.950000762939453,18.360000610351562,17.346330642700195,1160300,,,,,,,,
2025-04-08,18.860000610351562,18.915000915527344,17.68000030517578,17.790000915527344,16.80780029296875,1072800,,,,,,,,
2025-04-09,17.75,18.979999542236328,17.59000015258789,18.729999542236328,17.69590187072754,1137700,,,,,,,,
2025-04-10,18.270000457763672,18.84000015258789,17.8700008392334,18.1299991607666,17.1290283203125,752300,,,,,,,,
2025-04-11,18.110000610351562,18.559999465942383,18.104999542236328,18.5,17.478601455688477,562500,,,,,,,,
2025-04-14,18.84000015258789,19.270000457763672,18.799999237060547,19.1200008392334,18.06437110900879,568300,,,,,,,,
2025-04-15,19.200000762939453,19.43000030517578,19.040000915527344,19.149999618530273,18.09271240234375,465200,,,,,,,,
2025-04-16,19.139999389648438,19.375,19.020000457763672,19.09000015258789,18.036026000976562,362100,,,,,,,,
2025-04-17,19.049999237060547,19.34000015258789,19.049999237060547,19.329999923706055,18.26277732849121,374700,,,,,,,,
2025-04-21,19.200000762939453,19.229999542236328,18.899999618530273,19.100000381469727,18.045475006103516,339900,,,,,,,,
2025-04-22,19.229999542236328,19.570999145507812,19.15999984741211,19.479999542236328,18.40449333190918,249300,,,,,,,,
2025-04-23,19.940000534057617,19.969999313354492,19.239999771118164,19.299999237060547,18.234432220458984,403200,,,,,,,,
2025-04-24,19.299999237060547,19.479999542236328,19.25,19.3799991607666,18.310014724731445,285500,,,,,,,,
2025-04-25,19.270000457763672,19.489999771118164,19.209999084472656,19.31999969482422,18.253328323364258,269300,,,,,,,,
2025-04-28,19.3799991607666,19.459999084472656,19.170000076293945,19.309999465942383,18.243879318237305,786200,,,,,,,,
2025-04-29,19.309999465942383,19.5,19.235000610351562,19.489999771118164,18.413942337036133,348000,,,,,,,,
2025-04-30,19.530000686645508,19.559999465942383,19.200000762939453,19.479999542236328,18.40449333190918,634100,,,,,,,,
2025-05-01,19.489999771118164,19.65999984741211,19.209999084472656,19.239999771118164,18.177743911743164,370300,,,,,,,,
2025-05-02,19.360000610351562,19.6299991607666,19.280000686645508,19.40999984741211,18.33835792541504,418100,,,,,,,,
2025-05-05,19.399999618530273,19.5,19.170000076293945,19.219999313354492,18.15884780883789,261200,,,,,,,,
2025-05-06,19.149999618530273,19.350000381469727,19.1200008392334,19.219999313354492,18.15884780883789,262400,,,,,,,,
2025-05-07,19.149999618530273,19.309999465942383,19.020000457763672,19.040000915527344,17.988786697387695,371800,,,,,,,,
2025-05-08,19.209999084472656,19.43000030517578,19.114999771118164,19.260000228881836,18.19664192199707,367100,,,,,,,,
2025-05-09,19.0,19.108999252319336,18.520000457763672,18.600000381469727,17.57308006286621,1001700,,,,,,,,
2025-05-12,19.0,19.850000381469727,19.0,19.639999389648438,18.555660247802734,868400,,,,,,,,
2025-05-13,19.459999084472656,19.739999771118164,19.360000610351562,19.600000381469727,18.51786994934082,533100,,,,,,,,
2025-05-14,19.75,19.75,19.530000686645508,19.6299991607666,18.546213150024414,332100,,,,,,,,
2025-05-15,19.6299991607666,19.899999618530273,19.6299991607666,19.850000381469727,18.754066467285156,390800,,,,,,,,
2025-05-16,19.860000610351562,19.989999771118164,19.75,19.850000381469727,18.754066467285156,223800,,,,,,,,
2025-05-19,19.700000762939453,20.0,19.649999618530273,20.0,18.895784378051758,354500,,,,,,,,
2025-05-20,19.979999542236328,19.981000900268555,19.799999237060547,19.860000610351562,18.76351547241211,316300,,,,,,,,
2025-05-21,19.709999084472656,19.8799991607666,19.299999237060547,19.3799991607666,18.310014724731445,385300,,,,,,,,
2025-05-22,19.450000762939453,19.565000534057617,19.280000686645508,19.299999237060547,18.234432220458984,323300,,,,,,,,
2025-05-23,19.239999771118164,19.520000457763672,19.18000030517578,19.479999542236328,18.40449333190918,247700,,,,,,,,
2025-05-27,19.5,19.700000762939453,19.459999084472656,19.68000030517578,18.59345245361328,208100,,,,,,,,
2025-05-28,19.670000076293945,19.829999923706055,19.65999984741211,19.729999542236328,18.64069175720215,211000,,,,,,,,
2025-05-29,19.75,19.81999969482422,19.520000457763672,19.690000534057617,18.602901458740234,286000,,,,,,,,
2025-05-30,19.709999084472656,19.940000534057617,19.660999298095703,19.75,18.659587860107422,258800,,,,,,,,
2025-06-02,19.700000762939453,19.700000762939453,19.479999542236328,19.510000228881836,18.432838439941406,301400,,,,,,,,
2025-06-03,19.540000915527344,19.639999389648438,19.339000701904297,19.6299991607666,18.546213150024414,289800,,,,,,,,
2025-06-04,19.6200008392334,19.729999542236328,19.415000915527344,19.489999771118164,18.413942337036133,348700,,,,,,,,
2025-06-05,19.43000030517578,19.520000457763672,19.309999465942383,19.43000030517578,18.357255935668945,292800,,,,,,,,
2025-06-06,19.56999969482422,19.68000030517578,19.440000534057617,19.459999084472656,18.385597229003906,829400,,,,,,,,
2025-06-09,19.510000228881836,19.729999542236328,19.459999084472656,19.639999389648438,18.555660247802734,281200,,,,,,,,
2025-06-10,19.56999969482422,19.68899917602539,19.450000762939453,19.530000686645508,18.45173454284668,364300,,,,,,,,
2025-06-11,19.549999237060547,19.6200008392334,19.31999969482422,19.389999389648438,18.3194637298584,416900,,,,,,,,
2025-06-12,19.34000015258789,19.5,19.329999923706055,19.479999542236328,18.40449333190918,293700,,,,,,,,
2025-06-13,19.350000381469727,19.459999084472656,19.290000915527344,19.450000762939453,18.37615203857422,317200,,,,,,,,
2025-06-16,19.549999237060547,19.549999237060547,19.15999984741211,19.260000228881836,18.19664192199707,490800,,,,,,,,
2025-06-17,19.239999771118164,19.389999389648438,19.1299991607666,19.290000915527344,18.224985122680664,470000,,,,,,,,
2025-06-18,19.329999923706055,19.496999740600586,19.31999969482422,19.399999618530273,18.32891082763672,320300,,,,,,,,
2025-06-20,19.399999618530273,19.510000228881836,19.260000228881836,19.34000015258789,18.2722225189209,558300,,,,,,,,
2025-06-23,19.299999237060547,19.31999969482422,18.844999313354492,18.959999084472656,17.9132022857666,988600,,,,,,,,
2025-06-24,19.049999237060547,19.350000381469727,19.023000717163086,19.1200008392334,18.06437110900879,453400,,,,,,,,
2025-06-25,19.1299991607666,19.290000915527344,19.049999237060547,19.110000610351562,18.054922103881836,342500,,,,,,,,
2025-06-26,19.139999389648438,19.375,19.139999389648438,19.280000686645508,18.21553611755371,315100,,,,,,,,
2025-06-27,19.31999969482422,19.43000030517578,19.1200008392334,19.219999313354492,18.15884780883789,343600,,,,,,,,
2025-06-30,18.75,18.969999313354492,18.639999389648438,18.719999313354492,18.15884780883789,525300,,,,,,,,
2025-07-01,18.729999542236328,18.94499969482422,18.684999465942383,18.8799991607666,18.31405258178711,383700,,,,,,,,
2025-07-02,18.889999389648438,19.149999618530273,18.854999542236328,19.149999618530273,18.575958251953125,361900,,,,,,,,
2025-07-03,19.149999618530273,19.219999313354492,19.010000228881836,19.170000076293945,18.595359802246094,300300,,,,,,,,
2025-07-07,19.149999618530273,19.152000427246094,18.860000610351562,18.93000030517578,18.3625545501709,466900,,,,,,,,
2025-07-08,18.8799991607666,19.190000534057617,18.860000610351562,19.06999969482422,18.49835777282715,420300,,,,,,,,
2025-07-09,19.139999389648438,19.149999618530273,18.841999053955078,19.100000381469727,18.52745819091797,470100,,,,,,,,
2025-07-10,19.110000610351562,19.239999771118164,19.040000915527344,19.190000534057617,18.614761352539062,381600,,,,,,,,
2025-07-11,19.190000534057617,19.31999969482422,19.100000381469727,19.25,18.672962188720703,259900,,,,,,,,
2025-07-14,19.25,19.489999771118164,19.25,19.479999542236328,18.896066665649414,294800,,,,,,,,
2025-07-15,19.5,19.5,19.309999465942383,19.360000610351562,18.779664993286133,236900,,,,,,,,
2025-07-16,19.399999618530273,19.450000762939453,19.18000030517578,19.440000534057617,18.857267379760742,251600,,,,,,,,
2025-07-17,19.399999618530273,19.639999389648438,19.35099983215332,19.59000015258789,19.002769470214844,435100,,,,,,,,
2025-07-18,19.600000381469727,19.799999237060547,19.56100082397461,19.700000762939453,19.109474182128906,427500,,,,,,,,
2025-07-21,19.809999465942383,19.809999465942383,19.409000396728516,19.600000381469727,19.012470245361328,440700,,,,,,,,
2025-07-22,19.600000381469727,19.84000015258789,19.549999237060547,19.790000915527344,19.196775436401367,779600,,,,,,,,
2025-07-23,19.790000915527344,19.940000534057617,19.6200008392334,19.6200008392334,19.031871795654297,410400,,,,,,,,
2025-07-24,19.670000076293945,19.729999542236328,19.5049991607666,19.610000610351562,19.022171020507812,430800,,,,,,,,
2025-07-25,19.450000762939453,19.649999618530273,19.260000228881836,19.299999237060547,18.72146224975586,611800,,,,,,,,
2025-07-28,19.3799991607666,19.43000030517578,19.09000015258789,19.15999984741211,18.58565902709961,819800,,,,,,,,
2025-07-29,19.200000762939453,19.280000686645508,19.1200008392334,19.18000030517578,18.605060577392578,463400,,,,,,,,
2025-07-30,19.010000228881836,19.139999389648438,18.700000762939453,18.799999237060547,18.2364501953125,697700,,,,,,,,
2025-07-31,18.75,19.040000915527344,18.670000076293945,18.700000762939453,18.139450073242188,555900,,,,,,,,
2025-08-01,18.670000076293945,18.709999084472656,18.399999618530273,18.549999237060547,17.99394416809082,670700,,,,,,,,
2025-08-04,18.489999771118164,18.6200008392334,18.350000381469727,18.510000228881836,17.95514488220215,550100,,,,,,,,
2025-08-05,18.5,18.549999237060547,18.299999237060547,18.479999542236328,17.926042556762695,601900,,,,,,,,
2025-08-06,18.3799991607666,18.520000457763672,18.350000381469727,18.440000534057617,17.887243270874023,783000,,,,,,,,
2025-08-07,18.440000534057617,18.530000686645508,18.139999389648438,18.15999984741211,17.61563491821289,659300,,,,,,,,
2025-08-08,17.780000686645508,18.1200008392334,17.65999984741211,17.8799991607666,17.34402847290039,1412000,,,,,,,,
2025-08-11,17.899999618530273,18.010000228881836,17.3700008392334,17.700000762939453,17.16942596435547,1941700,,,,,,,,
2025-08-12,17.760000228881836,17.829999923706055,17.649999618530273,17.75,17.217926025390625,932000,,,,,,,,
2025-08-13,17.75,17.84000015258789,17.600000381469727,17.75,17.217926025390625,1457800,,,,,,,,
2025-08-14,17.75,17.79199981689453,17.59000015258789,17.670000076293945,17.140323638916016,917100,,,,,,,,
2025-08-15,17.780000686645508,17.829999923706055,17.65999984741211,17.75,17.217926025390625,665100,,,,,,,,
2025-08-18,17.760000228881836,17.868000030517578,17.739999771118164,17.81999969482422,17.28582763671875,869200,,,,,,,,
2025-08-19,17.790000915527344,17.920000076293945,17.684999465942383,17.729999542236328,17.198524475097656,637000,,,,,,,,
2025-08-20,17.81999969482422,17.81999969482422,17.6200008392334,17.65999984741211,17.13062286376953,750700,,,,,,,,
2025-08-21,17.610000610351562,17.719999313354492,17.559999465942383,17.639999389648438,17.111223220825195,772000,,,,,,,,
2025-08-22,17.690000534057617,17.874000549316406,17.65999984741211,17.8700008392334,17.33432960510254,830100,,,,,,,,
2025-08-25,17.799999237060547,17.84000015258789,17.6200008392334,17.6299991607666,17.10152244567871,875700,,,,,,,,
2025-08-26,17.600000381469727,17.65999984741211,17.479999542236328,17.639999389648438,17.111223220825195,818000,,,,,,,,
2025-08-27,17.719999313354492,17.850000381469727,17.719999313354492,17.790000915527344,17.25672721862793,594200,,,,,,,,
2025-08-28,17.829999923706055,17.84000015258789,17.700000762939453,17.770000457763672,17.237327575683594,586800,,,,,,,,
2025-08-29,17.829999923706055,18.149999618530273,17.809999465942383,18.1200008392334,17.57683563232422,560500,,,,,,,,
2025-09-02,18.110000610351562,18.170000076293945,17.93000030517578,18.06999969482422,17.52833366394043,740100,,,,,,,,
2025-09-03,18.049999237060547,18.139999389648438,17.950000762939453,17.969999313354492,17.43132972717285,523700,,,,,,,,
2025-09-04,18.0,18.0,17.850000381469727,17.979999542236328,17.441030502319336,509200,,,,,,,,
2025-09-05,18.010000228881836,18.065000534057617,17.834999084472656,17.969999313354492,17.43132972717285,402900,,,,,,,,
2025-09-08,18.0,18.04400062561035,17.829999923706055,17.989999771118164,17.45073127746582,333200,,,,,,,,
2025-09-09,17.989999771118164,18.010000228881836,17.899999618530273,17.920000076293945,17.382829666137695,374200,,,,,,,,
2025-09-10,17.8700008392334,17.905000686645508,17.6299991607666,17.68000030517578,17.1500244140625,771700,,,,,,,,
2025-09-11,17.700000762939453,17.889999389648438,17.700000762939453,17.860000610351562,17.324628829956055,448500,,,,,,,,
2025-09-12,17.860000610351562,17.940000534057617,17.729999542236328,17.770000457763672,17.237327575683594,372200,,,,,,,,
2025-09-15,17.850000381469727,17.850000381469727,17.549999237060547,17.549999237060547,17.0239200592041,958300,,,,,,,,
2025-09-16,17.549999237060547,17.59000015258789,17.329999923706055,17.459999084472656,16.93661880493164,1137900,,,,,,,,
2025-09-17,17.510000228881836,17.68000030517578,17.43000030517578,17.450000762939453,16.92691993713379,617900,,,,,,,,
2025-09-18,17.549999237060547,17.68000030517578,17.459999084472656,17.639999389648438,17.111223220825195,1062900,,,,,,,,
2025-09-19,17.719999313354492,17.739999771118164,17.46500015258789,17.520000457763672,16.994821548461914,873900,,,,,,,,
2025-09-22,17.510000228881836,17.510000228881836,17.290000915527344,17.31999969482422,16.80081558227539,783900,,,,,,,,
2025-09-23,17.25,17.399999618530273,17.100000381469727,17.100000381469727,16.58740997314453,831000,,,,,,,,
2025-09-24,17.100000381469727,17.125,16.799999237060547,16.90999984741211,16.403104782104492,1048300,,,,,,,,
2025-09-25,16.989999771118164,17.09000015258789,16.851999282836914,16.959999084472656,16.45160675048828,902200,,,,,,,,
2025-09-26,17.030000686645508,17.100000381469727,16.84000015258789,16.8799991607666,16.374004364013672,708900,,,,,,,,
2025-09-29,16.969999313354492,17.0,16.639999389648438,16.68000030517578,16.18000030517578,1282200,,,,,,,,
2025-09-30,16.200000762939453,16.350000381469727,16.0,16.079999923706055,16.079999923706055,1246900,,,,,,,,
2025-10-01,16.09000015258789,16.09000015258789,15.699999809265137,15.819999694824219,15.819999694824219,1894500,,,,,,,,
2025-10-02,15.869999885559082,16.440000534057617,15.800000190734863,16.399999618530273,16.399999618530273,867600,,,,,,,,
2025-10-03,16.399999618530273,16.440000534057617,16.239999771118164,16.299999237060547,16.299999237060547,817800,,,,,,,,
2025-10-06,16.5,16.760000228881836,16.475000381469727,16.56999969482422,16.56999969482422,913500,,,,,,,,
2025-10-07,16.770000457763672,16.780000686645508,16.329999923706055,16.420000076293945,16.420000076293945,818600,,,,,,,,
2025-10-08,16.479999542236328,16.649999618530273,16.459999084472656,16.549999237060547,16.549999237060547,851700,,,,,,,,
2025-10-09,16.68000030517578,16.68000030517578,16.2450008392334,16.299999237060547,16.299999237060547,837400,,,,,,,,
2025-10-10,16.31999969482422,16.514999389648438,16.010000228881836,16.1299991607666,16.1299991607666,852900,,,,,,,,
2025-10-13,16.31999969482422,17.020000457763672,16.24799919128418,16.959999084472656,16.959999084472656,1244100,,,,,,,,
2025-10-14,16.75,17.149999618530273,16.75,17.040000915527344,17.040000915527344,807700,,,,,,,,
2025-10-15,17.18000030517578,17.190000534057617,16.90999984741211,16.989999771118164,16.989999771118164,852200,,,,,,,,
2025-10-16,17.079999923706055,17.079999923706055,16.739999771118164,16.75,16.75,885700,,,,,,,,
2025-10-17,16.790000915527344,16.950000762939453,16.670000076293945,16.81999969482422,16.81999969482422,1061100,,,,,,,,
2025-10-20,16.84000015258789,16.93000030517578,16.709999084472656,16.920000076293945,16.920000076293945,718200,,,,,,,,
2025-10-21,16.93000030517578,17.21500015258789,16.90999984741211,17.020000457763672,17.020000457763672,620800,,,,,,,,
2025-10-22,17.010000228881836,17.066999435424805,16.832000732421875,16.950000762939453,16.950000762939453,588100,,,,,,,,
2025-10-23,16.989999771118164,17.079999923706055,16.90999984741211,17.040000915527344,17.040000915527344,624800,,,,,,,,
2025-10-24,17.15999984741211,17.299999237060547,17.110000610351562,17.149999618530273,17.149999618530273,1150500,,,,,,,,
2025-10-27,17.18000030517578,17.415000915527344,17.09000015258789,17.3700008392334,17.3700008392334,818500,,,,,,,,
2025-10-28,17.450000762939453,17.530000686645508,17.3799991607666,17.3799991607666,17.3799991607666,1148100,,,,,,,,
2025-10-29,17.290000915527344,17.399999618530273,16.989999771118164,17.059999465942383,17.059999465942383,1008300,,,,,,,,
2025-10-30,16.989999771118164,16.989999771118164,16.68000030517578,16.81999969482422,16.81999969482422,1027100,,,,,,,,
2025-10-31,16.799999237060547,17.020000457763672,16.709999084472656,16.950000762939453,16.950000762939453,596500,,,,,,,,
2025-11-03,16.90999984741211,17.09000015258789,16.90999984741211,17.079999923706055,17.079999923706055,559700,,,,,,,,
2025-11-04,16.899999618530273,17.05500030517578,16.809999465942383,16.889999389648438,16.889999389648438,850800,,,,,,,,
2025-11-05,16.860000610351562,16.8799991607666,16.65999984741211,16.850000381469727,16.850000381469727,522000,,,,,,,,
2025-11-06,16.899999618530273,16.959999084472656,16.610000610351562,16.6200008392334,16.6200008392334,681200,,,,,,,,
2025-11-07,16.3700008392334,16.59000015258789,16.08099937438965,16.459999084472656,16.459999084472656,1048300,,,,,,,,
2025-11-10,16.549999237060547,16.6200008392334,16.34000015258789,16.450000762939453,16.450000762939453,793100,,,,,,,,
2025-11-11,16.579999923706055,16.844999313354492,16.579999923706055,16.700000762939453,16.700000762939453,752000,,,,,,,,
2025-11-12,16.75,16.81999969482422,16.670000076293945,16.760000228881836,16.760000228881836,492600,,,,,,,,
2025-11-13,16.770000457763672,16.844999313354492,16.639999389648438,16.719999313354492,16.719999313354492,568300,,,,,,,,
2025-11-14,16.6299991607666,16.729999542236328,16.523000717163086,16.700000762939453,16.700000762939453,613100,,,,,,,,
2025-11-17,16.709999084472656,16.770000457763672,16.420000076293945,16.520000457763672,16.520000457763672,926000,,,,,,,,
2025-11-18,16.40999984741211,16.600000381469727,16.364999771118164,16.56999969482422,16.56999969482422,800400,,,,,,,,
2025-11-19,16.559999465942383,16.6299991607666,16.3799991607666,16.3799991607666,16.3799991607666,674200,,,,,,,,
2025-11-20,16.440000534057617,16.68000030517578,16.420000076293945,16.450000762939453,16.450000762939453,770100,,,,,,,,
2025-11-21,16.479999542236328,16.8700008392334,16.461000442504883,16.75,16.75,846400,,,,,,,,
2025-11-24,16.739999771118164,17.09000015258789,16.739999771118164,17.010000228881836,17.010000228881836,1007100,,,,,,,,
2025-11-25,17.100000381469727,17.25,17.079999923706055,17.239999771118164,17.239999771118164,999800,,,,,,,,
2025-11-26,17.024999618530273,17.15999984741211,16.899999618530273,17.100000381469727,17.100000381469727,778900,,,,,,,,
2025-11-28,17.1200008392334,17.290000915527344,17.1200008392334,17.290000915527344,17.290000915527344,333700,,,,,,,,
2025-12-01,17.200000762939453,17.329999923706055,17.075000762939453,17.149999618530273,17.149999618530273,702500,,,,,,,,
2025-12-02,17.149999618530273,17.18000030517578,17.010000228881836,17.1299991607666,17.1299991607666,537700,,,,,,,,
2025-12-03,17.200000762939453,17.43000030517578,17.200000762939453,17.399999618530273,17.399999618530273,928300,,,,,,,,
2025-12-04,17.309999465942383,17.530000686645508,17.309999465942383,17.520000457763672,17.520000457763672,808900,,,,,,,,
2025-12-05,17.479999542236328,17.690000534057617,17.399999618530273,17.540000915527344,17.540000915527344,445500,,,,,,,,
2025-12-08,17.510000228881836,17.6200008392334,17.440000534057617,17.579999923706055,17.579999923706055,540100,,,,,,,,
2025-12-09,17.579999923706055,17.770000457763672,17.579999923706055,17.709999084472656,17.709999084472656,785500,,,,,,,,
2025-12-10,17.760000228881836,17.90999984741211,17.725000381469727,17.790000915527344,17.790000915527344,824600,,,,,,,,
2025-12-11,17.68000030517578,17.770000457763672,17.420000076293945,17.440000534057617,17.440000534057617,574200,,,,,,,,
2025-12-12,17.549999237060547,17.639999389648438,17.25,17.34000015258789,17.34000015258789,890600,,,,,,,,
2025-12-15,17.329999923706055,17.389999389648438,17.065000534057617,17.219999313354492,17.219999313354492,914700,,,,,,,,
2025-12-16,17.239999771118164,17.3700008392334,17.110000610351562,17.200000762939453,17.200000762939453,719100,,,,,,,,
2025-12-17,17.309999465942383,17.3700008392334,17.110000610351562,17.149999618530273,17.149999618530273,857400,,,,,,,,
2025-12-18,17.200000762939453,17.225000381469727,17.024999618530273,17.040000915527344,17.040000915527344,1093100,,,,,,,,
2025-12-19,17.059999465942383,17.0939998626709,16.854999542236328,16.93000030517578,16.93000030517578,1154900,,,,,,,,
2025-12-22,16.969999313354492,17.040000915527344,16.809999465942383,16.8700008392334,16.8700008392334,1021500,,,,,,,,
2025-12-23,16.8700008392334,16.989999771118164,16.649999618530273,16.670000076293945,16.670000076293945,958200,,,,,,,,
2025-12-24,16.670000076293945,16.80500030517578,16.639999389648438,16.770000457763672,16.770000457763672,444100,,,,,,,,
2025-12-26,16.809999465942383,16.979999542236328,16.799999237060547,16.969999313354492,16.969999313354492,922400,,,,,,,,
2025-12-29,16.940000534057617,17.09000015258789,16.850000381469727,16.889999389648438,16.889999389648438,1447600,,,,,,,,
2025-12-30,16.899999618530273,17.06800079345703,16.889999389648438,16.979999542236328,16.979999542236328,1099000,,,,,,,,
,MSDL,MSDL,MSDL,MSDL,MSDL,MSDL,,,,,,,,
