date,open,high,low,close,adj_close,volume,"('date', '')","('open', 'NGSCF')","('high', 'NGSCF')","('low', 'NGSCF')","('close', 'NGSCF')","('adj_close', 'NGSCF')","('volume', 'NGSCF')","('currency', '')"
2020-01-02,14.649999618530273,14.649999618530273,14.649999618530273,14.649999618530273,271.8338928222656,0,,,,,,,,
2020-01-03,14.649999618530273,14.649999618530273,14.649999618530273,14.649999618530273,271.8338928222656,0,,,,,,,,
2020-01-06,14.649999618530273,14.649999618530273,14.649999618530273,14.649999618530273,271.8338928222656,0,,,,,,,,
2020-01-07,14.649999618530273,14.649999618530273,14.649999618530273,14.649999618530273,271.8338928222656,0,,,,,,,,
2020-01-08,14.649999618530273,14.649999618530273,14.649999618530273,14.649999618530273,271.8338928222656,0,,,,,,,,
2020-01-09,14.649999618530273,14.649999618530273,14.649999618530273,14.649999618530273,271.8338928222656,0,,,,,,,,
2020-01-10,14.649999618530273,14.649999618530273,14.649999618530273,14.649999618530273,271.8338928222656,0,,,,,,,,
2020-01-13,14.649999618530273,14.649999618530273,14.649999618530273,14.649999618530273,271.8338928222656,0,,,,,,,,
2020-01-14,14.649999618530273,14.649999618530273,14.649999618530273,14.649999618530273,271.8338928222656,0,,,,,,,,
2020-01-15,14.649999618530273,14.649999618530273,14.649999618530273,14.649999618530273,271.8338928222656,0,,,,,,,,
2020-01-16,14.649999618530273,14.649999618530273,14.649999618530273,14.649999618530273,271.8338928222656,0,,,,,,,,
2020-01-17,14.649999618530273,14.649999618530273,14.649999618530273,14.649999618530273,271.8338928222656,0,,,,,,,,
2020-01-21,14.649999618530273,14.649999618530273,14.649999618530273,14.649999618530273,271.8338928222656,0,,,,,,,,
2020-01-22,14.649999618530273,14.649999618530273,14.649999618530273,14.649999618530273,271.8338928222656,0,,,,,,,,
2020-01-23,14.649999618530273,14.649999618530273,14.649999618530273,14.649999618530273,271.8338928222656,0,,,,,,,,
2020-01-24,14.649999618530273,14.649999618530273,14.649999618530273,14.649999618530273,271.8338928222656,0,,,,,,,,
2020-01-27,14.649999618530273,14.649999618530273,14.649999618530273,14.649999618530273,271.8338928222656,0,,,,,,,,
2020-01-28,14.649999618530273,14.649999618530273,14.649999618530273,14.649999618530273,271.8338928222656,0,,,,,,,,
2020-01-29,14.649999618530273,14.649999618530273,14.649999618530273,14.649999618530273,271.8338928222656,0,,,,,,,,
2020-01-30,14.649999618530273,14.649999618530273,14.649999618530273,14.649999618530273,271.8338928222656,0,,,,,,,,
2020-01-31,14.649999618530273,14.649999618530273,14.649999618530273,14.649999618530273,271.8338928222656,0,,,,,,,,
2020-02-03,14.649999618530273,14.649999618530273,14.649999618530273,14.649999618530273,271.8338928222656,0,,,,,,,,
2020-02-04,14.649999618530273,14.649999618530273,14.649999618530273,14.649999618530273,271.8338928222656,0,,,,,,,,
2020-02-05,14.649999618530273,14.649999618530273,14.649999618530273,14.649999618530273,271.8338928222656,0,,,,,,,,
2020-02-06,14.649999618530273,14.649999618530273,14.649999618530273,14.649999618530273,271.8338928222656,0,,,,,,,,
2020-02-07,14.649999618530273,14.649999618530273,14.649999618530273,14.649999618530273,271.8338928222656,0,,,,,,,,
2020-02-10,14.649999618530273,14.649999618530273,14.649999618530273,14.649999618530273,271.8338928222656,0,,,,,,,,
2024-03-25,14.649999618530273,14.649999618530273,14.649999618530273,14.649999618530273,271.8338928222656,0,,,,,,,,
2024-03-26,14.649999618530273,14.649999618530273,14.649999618530273,14.649999618530273,271.8338928222656,0,,,,,,,,
2024-03-27,14.649999618530273,14.649999618530273,14.649999618530273,14.649999618530273,271.8338928222656,0,,,,,,,,
2024-03-28,14.649999618530273,14.649999618530273,14.649999618530273,14.649999618530273,-157.09532165527344,0,,,,,,,,
2024-04-01,14.649999618530273,14.649999618530273,14.649999618530273,14.649999618530273,-157.09532165527344,0,,,,,,,,
2024-04-02,14.649999618530273,14.649999618530273,14.649999618530273,14.649999618530273,-157.09532165527344,0,,,,,,,,
2024-04-03,14.649999618530273,14.649999618530273,14.649999618530273,14.649999618530273,-157.09532165527344,0,,,,,,,,
2024-04-04,14.649999618530273,14.649999618530273,14.649999618530273,14.649999618530273,-157.09532165527344,0,,,,,,,,
2024-04-05,14.649999618530273,14.649999618530273,14.649999618530273,14.649999618530273,-157.09532165527344,0,,,,,,,,
2024-04-08,14.649999618530273,14.649999618530273,14.649999618530273,14.649999618530273,-157.09532165527344,0,,,,,,,,
2024-04-09,14.649999618530273,14.649999618530273,14.649999618530273,14.649999618530273,-157.09532165527344,0,,,,,,,,
2024-04-10,14.649999618530273,14.649999618530273,14.649999618530273,14.649999618530273,-157.09532165527344,0,,,,,,,,
2024-04-11,14.649999618530273,14.649999618530273,14.649999618530273,14.649999618530273,-157.09532165527344,0,,,,,,,,
2024-04-12,14.649999618530273,14.649999618530273,14.649999618530273,14.649999618530273,-157.09532165527344,0,,,,,,,,
2024-04-15,14.649999618530273,14.649999618530273,14.649999618530273,14.649999618530273,-157.09532165527344,0,,,,,,,,
2024-04-16,14.649999618530273,14.649999618530273,14.649999618530273,14.649999618530273,-157.09532165527344,0,,,,,,,,
2024-04-17,14.649999618530273,14.649999618530273,14.649999618530273,14.649999618530273,-157.09532165527344,0,,,,,,,,
2024-04-18,14.649999618530273,14.649999618530273,14.649999618530273,14.649999618530273,-157.09532165527344,0,,,,,,,,
2024-04-19,14.649999618530273,14.649999618530273,14.649999618530273,14.649999618530273,-157.09532165527344,0,,,,,,,,
2024-04-22,14.649999618530273,14.649999618530273,14.649999618530273,14.649999618530273,-157.09532165527344,0,,,,,,,,
2024-04-23,14.649999618530273,14.649999618530273,14.649999618530273,14.649999618530273,-157.09532165527344,0,,,,,,,,
2024-04-24,14.649999618530273,14.649999618530273,14.649999618530273,14.649999618530273,-157.09532165527344,0,,,,,,,,
2024-04-25,14.649999618530273,14.649999618530273,14.649999618530273,14.649999618530273,-157.09532165527344,0,,,,,,,,
2024-04-26,14.649999618530273,14.649999618530273,14.649999618530273,14.649999618530273,-157.09532165527344,0,,,,,,,,
2024-04-29,14.649999618530273,14.649999618530273,14.649999618530273,14.649999618530273,-157.09532165527344,0,,,,,,,,
2024-04-30,14.649999618530273,14.649999618530273,14.649999618530273,14.649999618530273,-157.09532165527344,0,,,,,,,,
2024-05-01,14.649999618530273,14.649999618530273,14.649999618530273,14.649999618530273,-157.09532165527344,0,,,,,,,,
2024-05-02,14.649999618530273,14.649999618530273,14.649999618530273,14.649999618530273,-157.09532165527344,0,,,,,,,,
2024-05-03,14.649999618530273,14.649999618530273,14.649999618530273,14.649999618530273,-157.09532165527344,0,,,,,,,,
2024-05-06,14.649999618530273,14.649999618530273,14.649999618530273,14.649999618530273,-157.09532165527344,0,,,,,,,,
2024-05-07,14.649999618530273,14.649999618530273,14.649999618530273,14.649999618530273,-157.09532165527344,0,,,,,,,,
2024-05-08,14.649999618530273,14.649999618530273,14.649999618530273,14.649999618530273,-157.09532165527344,0,,,,,,,,
2024-05-09,14.649999618530273,14.649999618530273,14.649999618530273,14.649999618530273,-157.09532165527344,0,,,,,,,,
2024-05-10,14.649999618530273,14.649999618530273,14.649999618530273,14.649999618530273,-157.09532165527344,0,,,,,,,,
2024-05-13,14.649999618530273,14.649999618530273,14.649999618530273,14.649999618530273,-157.09532165527344,0,,,,,,,,
2024-05-14,14.649999618530273,14.649999618530273,14.649999618530273,14.649999618530273,-157.09532165527344,0,,,,,,,,
2024-05-15,14.649999618530273,14.649999618530273,14.649999618530273,14.649999618530273,-157.09532165527344,0,,,,,,,,
2024-05-16,14.649999618530273,14.649999618530273,14.649999618530273,14.649999618530273,-157.09532165527344,0,,,,,,,,
2024-05-17,14.649999618530273,14.649999618530273,14.649999618530273,14.649999618530273,-157.09532165527344,0,,,,,,,,
2024-05-20,14.649999618530273,14.649999618530273,14.649999618530273,14.649999618530273,-157.09532165527344,0,,,,,,,,
2024-05-21,14.649999618530273,14.649999618530273,14.649999618530273,14.649999618530273,-157.09532165527344,0,,,,,,,,
2024-05-22,14.649999618530273,14.649999618530273,14.649999618530273,14.649999618530273,-157.09532165527344,0,,,,,,,,
2024-05-23,14.649999618530273,14.649999618530273,14.649999618530273,14.649999618530273,-157.09532165527344,0,,,,,,,,
2024-05-24,14.649999618530273,14.649999618530273,14.649999618530273,14.649999618530273,-157.09532165527344,0,,,,,,,,
2024-05-28,14.649999618530273,14.649999618530273,14.649999618530273,14.649999618530273,-157.09532165527344,0,,,,,,,,
2024-05-29,14.649999618530273,14.649999618530273,14.649999618530273,14.649999618530273,-157.09532165527344,0,,,,,,,,
2024-05-30,14.649999618530273,14.649999618530273,14.649999618530273,14.649999618530273,-157.09532165527344,0,,,,,,,,
2024-05-31,14.649999618530273,14.649999618530273,14.649999618530273,14.649999618530273,-157.09532165527344,0,,,,,,,,
2024-06-03,14.649999618530273,14.649999618530273,14.649999618530273,14.649999618530273,-157.09532165527344,0,,,,,,,,
2024-06-04,14.649999618530273,14.649999618530273,14.649999618530273,14.649999618530273,-157.09532165527344,0,,,,,,,,
2024-06-05,14.649999618530273,14.649999618530273,14.649999618530273,14.649999618530273,-157.09532165527344,0,,,,,,,,
2024-06-06,14.649999618530273,14.649999618530273,14.649999618530273,14.649999618530273,-157.09532165527344,0,,,,,,,,
2024-06-07,14.649999618530273,14.649999618530273,14.649999618530273,14.649999618530273,-157.09532165527344,0,,,,,,,,
2024-06-10,14.649999618530273,14.649999618530273,14.649999618530273,14.649999618530273,-157.09532165527344,0,,,,,,,,
2024-06-11,14.649999618530273,14.649999618530273,14.649999618530273,14.649999618530273,-157.09532165527344,0,,,,,,,,
2024-06-12,14.649999618530273,14.649999618530273,14.649999618530273,14.649999618530273,-157.09532165527344,0,,,,,,,,
2024-06-13,14.649999618530273,14.649999618530273,14.649999618530273,14.649999618530273,-157.09532165527344,0,,,,,,,,
2024-06-14,14.649999618530273,14.649999618530273,14.649999618530273,14.649999618530273,-157.09532165527344,0,,,,,,,,
2024-06-17,14.649999618530273,14.649999618530273,14.649999618530273,14.649999618530273,-157.09532165527344,0,,,,,,,,
2024-06-18,14.649999618530273,14.649999618530273,14.649999618530273,14.649999618530273,-157.09532165527344,0,,,,,,,,
2024-06-20,14.649999618530273,14.649999618530273,14.649999618530273,14.649999618530273,-157.09532165527344,0,,,,,,,,
2024-06-21,14.649999618530273,14.649999618530273,14.649999618530273,14.649999618530273,-157.09532165527344,0,,,,,,,,
2024-06-24,14.649999618530273,14.649999618530273,14.649999618530273,14.649999618530273,-157.09532165527344,0,,,,,,,,
2024-06-25,14.649999618530273,14.649999618530273,14.649999618530273,14.649999618530273,-157.09532165527344,0,,,,,,,,
2024-06-26,14.649999618530273,14.649999618530273,14.649999618530273,14.649999618530273,-157.09532165527344,0,,,,,,,,
2024-06-27,14.649999618530273,14.649999618530273,14.649999618530273,14.649999618530273,-157.09532165527344,0,,,,,,,,
2024-06-28,14.649999618530273,14.649999618530273,14.649999618530273,14.649999618530273,-157.09532165527344,0,,,,,,,,
2024-07-01,14.649999618530273,14.649999618530273,14.649999618530273,14.649999618530273,-157.09532165527344,0,,,,,,,,
2024-07-02,14.649999618530273,14.649999618530273,14.649999618530273,14.649999618530273,-157.09532165527344,0,,,,,,,,
2024-07-03,14.649999618530273,14.649999618530273,14.649999618530273,14.649999618530273,-157.09532165527344,0,,,,,,,,
2024-07-05,14.649999618530273,14.649999618530273,14.649999618530273,14.649999618530273,-157.09532165527344,0,,,,,,,,
2024-07-08,14.649999618530273,14.649999618530273,14.649999618530273,14.649999618530273,-157.09532165527344,0,,,,,,,,
2024-07-09,14.649999618530273,14.649999618530273,14.649999618530273,14.649999618530273,-157.09532165527344,0,,,,,,,,
2024-07-10,14.649999618530273,14.649999618530273,14.649999618530273,14.649999618530273,-157.09532165527344,0,,,,,,,,
2024-07-11,14.649999618530273,14.649999618530273,14.649999618530273,14.649999618530273,-157.09532165527344,0,,,,,,,,
2024-07-12,14.649999618530273,14.649999618530273,14.649999618530273,14.649999618530273,-157.09532165527344,0,,,,,,,,
2024-07-15,14.649999618530273,14.649999618530273,14.649999618530273,14.649999618530273,-157.09532165527344,0,,,,,,,,
2024-07-16,14.649999618530273,14.649999618530273,14.649999618530273,14.649999618530273,-157.09532165527344,0,,,,,,,,
2024-07-17,14.649999618530273,14.649999618530273,14.649999618530273,14.649999618530273,-157.09532165527344,0,,,,,,,,
2024-07-18,14.649999618530273,14.649999618530273,14.649999618530273,14.649999618530273,-157.09532165527344,0,,,,,,,,
2024-07-19,14.649999618530273,14.649999618530273,14.649999618530273,14.649999618530273,-157.09532165527344,0,,,,,,,,
2024-07-22,14.649999618530273,14.649999618530273,14.649999618530273,14.649999618530273,-157.09532165527344,0,,,,,,,,
2024-07-23,14.649999618530273,14.649999618530273,14.649999618530273,14.649999618530273,-157.09532165527344,0,,,,,,,,
2024-07-24,14.649999618530273,14.649999618530273,14.649999618530273,14.649999618530273,-157.09532165527344,0,,,,,,,,
2024-07-25,14.649999618530273,14.649999618530273,14.649999618530273,14.649999618530273,-157.09532165527344,0,,,,,,,,
2024-07-26,14.649999618530273,14.649999618530273,14.649999618530273,14.649999618530273,-157.09532165527344,0,,,,,,,,
2024-07-29,14.649999618530273,14.649999618530273,14.649999618530273,14.649999618530273,-157.09532165527344,0,,,,,,,,
2024-07-30,14.649999618530273,14.649999618530273,14.649999618530273,14.649999618530273,-157.09532165527344,0,,,,,,,,
2024-07-31,14.649999618530273,14.649999618530273,14.649999618530273,14.649999618530273,-157.09532165527344,0,,,,,,,,
2024-08-01,14.649999618530273,14.649999618530273,14.649999618530273,14.649999618530273,-157.09532165527344,0,,,,,,,,
2024-08-02,14.649999618530273,14.649999618530273,14.649999618530273,14.649999618530273,-157.09532165527344,0,,,,,,,,
2024-08-05,14.649999618530273,14.649999618530273,14.649999618530273,14.649999618530273,-157.09532165527344,0,,,,,,,,
2024-08-06,14.649999618530273,14.649999618530273,14.649999618530273,14.649999618530273,-157.09532165527344,0,,,,,,,,
2024-08-07,14.649999618530273,14.649999618530273,14.649999618530273,14.649999618530273,-157.09532165527344,0,,,,,,,,
2024-08-08,14.649999618530273,14.649999618530273,14.649999618530273,14.649999618530273,-157.09532165527344,0,,,,,,,,
2024-08-09,14.649999618530273,14.649999618530273,14.649999618530273,14.649999618530273,-157.09532165527344,0,,,,,,,,
2024-08-12,14.649999618530273,14.649999618530273,14.649999618530273,14.649999618530273,-157.09532165527344,0,,,,,,,,
2024-08-13,14.649999618530273,14.649999618530273,14.649999618530273,14.649999618530273,-157.09532165527344,0,,,,,,,,
2024-08-14,14.649999618530273,14.649999618530273,14.649999618530273,14.649999618530273,-157.09532165527344,0,,,,,,,,
2024-08-15,14.649999618530273,14.649999618530273,14.649999618530273,14.649999618530273,-157.09532165527344,0,,,,,,,,
2024-08-16,14.649999618530273,14.649999618530273,14.649999618530273,14.649999618530273,-157.09532165527344,0,,,,,,,,
2024-08-19,14.649999618530273,14.649999618530273,14.649999618530273,14.649999618530273,-157.09532165527344,0,,,,,,,,
2024-08-20,14.649999618530273,14.649999618530273,14.649999618530273,14.649999618530273,-157.09532165527344,0,,,,,,,,
2024-08-21,14.649999618530273,14.649999618530273,14.649999618530273,14.649999618530273,-157.09532165527344,0,,,,,,,,
2024-08-22,14.649999618530273,14.649999618530273,14.649999618530273,14.649999618530273,-157.09532165527344,0,,,,,,,,
2024-08-23,14.649999618530273,14.649999618530273,14.649999618530273,14.649999618530273,-157.09532165527344,0,,,,,,,,
2024-08-26,14.649999618530273,14.649999618530273,14.649999618530273,14.649999618530273,-157.09532165527344,0,,,,,,,,
2024-08-27,14.649999618530273,14.649999618530273,14.649999618530273,14.649999618530273,-157.09532165527344,0,,,,,,,,
2024-08-28,14.649999618530273,14.649999618530273,14.649999618530273,14.649999618530273,-157.09532165527344,0,,,,,,,,
2024-08-29,14.649999618530273,14.649999618530273,14.649999618530273,14.649999618530273,-157.09532165527344,0,,,,,,,,
2024-08-30,14.649999618530273,14.649999618530273,14.649999618530273,14.649999618530273,-157.09532165527344,0,,,,,,,,
2024-09-03,14.649999618530273,14.649999618530273,14.649999618530273,14.649999618530273,-157.09532165527344,0,,,,,,,,
2024-09-04,14.649999618530273,14.649999618530273,14.649999618530273,14.649999618530273,-157.09532165527344,0,,,,,,,,
2024-09-05,14.649999618530273,14.649999618530273,14.649999618530273,14.649999618530273,-157.09532165527344,0,,,,,,,,
2024-09-06,14.649999618530273,14.649999618530273,14.649999618530273,14.649999618530273,-157.09532165527344,0,,,,,,,,
2024-09-09,14.649999618530273,14.649999618530273,14.649999618530273,14.649999618530273,-157.09532165527344,0,,,,,,,,
2024-09-10,14.649999618530273,14.649999618530273,14.649999618530273,14.649999618530273,-157.09532165527344,0,,,,,,,,
2024-09-11,14.649999618530273,14.649999618530273,14.649999618530273,14.649999618530273,-157.09532165527344,0,,,,,,,,
2024-09-12,14.649999618530273,14.649999618530273,14.649999618530273,14.649999618530273,-157.09532165527344,0,,,,,,,,
2024-09-13,14.649999618530273,14.649999618530273,14.649999618530273,14.649999618530273,-157.09532165527344,0,,,,,,,,
2024-09-16,14.649999618530273,14.649999618530273,14.649999618530273,14.649999618530273,-157.09532165527344,0,,,,,,,,
2024-09-17,14.649999618530273,14.649999618530273,14.649999618530273,14.649999618530273,-157.09532165527344,0,,,,,,,,
2024-09-18,14.649999618530273,14.649999618530273,14.649999618530273,14.649999618530273,-157.09532165527344,0,,,,,,,,
2024-09-19,14.649999618530273,14.649999618530273,14.649999618530273,14.649999618530273,-157.09532165527344,0,,,,,,,,
2024-09-20,14.649999618530273,14.649999618530273,14.649999618530273,14.649999618530273,-157.09532165527344,0,,,,,,,,
2024-09-23,14.649999618530273,14.649999618530273,14.649999618530273,14.649999618530273,-157.09532165527344,0,,,,,,,,
2024-09-24,14.649999618530273,14.649999618530273,14.649999618530273,14.649999618530273,-157.09532165527344,0,,,,,,,,
2024-09-25,14.649999618530273,14.649999618530273,14.649999618530273,14.649999618530273,-157.09532165527344,0,,,,,,,,
2024-09-26,14.649999618530273,14.649999618530273,14.649999618530273,14.649999618530273,-157.09532165527344,0,,,,,,,,
2024-09-27,14.649999618530273,14.649999618530273,14.649999618530273,14.649999618530273,75.83018493652344,0,,,,,,,,
2024-09-30,14.649999618530273,14.649999618530273,14.649999618530273,14.649999618530273,75.83018493652344,0,,,,,,,,
2024-10-01,14.649999618530273,14.649999618530273,14.649999618530273,14.649999618530273,75.83018493652344,0,,,,,,,,
2024-10-02,14.649999618530273,14.649999618530273,14.649999618530273,14.649999618530273,75.83018493652344,0,,,,,,,,
2024-10-03,14.649999618530273,14.649999618530273,14.649999618530273,14.649999618530273,75.83018493652344,0,,,,,,,,
2024-10-04,14.649999618530273,14.649999618530273,14.649999618530273,14.649999618530273,75.83018493652344,0,,,,,,,,
2024-10-07,14.649999618530273,14.649999618530273,14.649999618530273,14.649999618530273,75.83018493652344,0,,,,,,,,
2024-10-08,14.649999618530273,14.649999618530273,14.649999618530273,14.649999618530273,75.83018493652344,0,,,,,,,,
2024-10-09,14.649999618530273,14.649999618530273,14.649999618530273,14.649999618530273,75.83018493652344,0,,,,,,,,
2024-10-10,14.649999618530273,14.649999618530273,14.649999618530273,14.649999618530273,75.83018493652344,0,,,,,,,,
2024-10-11,14.649999618530273,14.649999618530273,14.649999618530273,14.649999618530273,75.83018493652344,0,,,,,,,,
2024-10-14,14.649999618530273,14.649999618530273,14.649999618530273,14.649999618530273,75.83018493652344,0,,,,,,,,
2024-10-15,14.649999618530273,14.649999618530273,14.649999618530273,14.649999618530273,75.83018493652344,0,,,,,,,,
2024-10-16,14.649999618530273,14.649999618530273,14.649999618530273,14.649999618530273,75.83018493652344,0,,,,,,,,
2024-10-17,14.649999618530273,14.649999618530273,14.649999618530273,14.649999618530273,75.83018493652344,0,,,,,,,,
2024-10-18,14.649999618530273,14.649999618530273,14.649999618530273,14.649999618530273,75.83018493652344,0,,,,,,,,
2024-10-21,14.649999618530273,14.649999618530273,14.649999618530273,14.649999618530273,75.83018493652344,0,,,,,,,,
2024-10-22,14.649999618530273,14.649999618530273,14.649999618530273,14.649999618530273,75.83018493652344,0,,,,,,,,
2024-10-23,14.649999618530273,14.649999618530273,14.649999618530273,14.649999618530273,75.83018493652344,0,,,,,,,,
2024-10-24,14.649999618530273,14.649999618530273,14.649999618530273,14.649999618530273,75.83018493652344,0,,,,,,,,
2024-10-25,14.649999618530273,14.649999618530273,14.649999618530273,14.649999618530273,75.83018493652344,0,,,,,,,,
2024-10-28,14.649999618530273,14.649999618530273,14.649999618530273,14.649999618530273,75.83018493652344,0,,,,,,,,
2024-10-29,14.649999618530273,14.649999618530273,14.649999618530273,14.649999618530273,75.83018493652344,0,,,,,,,,
2024-10-30,14.649999618530273,14.649999618530273,14.649999618530273,14.649999618530273,75.83018493652344,0,,,,,,,,
2024-10-31,14.649999618530273,14.649999618530273,14.649999618530273,14.649999618530273,75.83018493652344,0,,,,,,,,
2024-11-01,14.649999618530273,14.649999618530273,14.649999618530273,14.649999618530273,75.83018493652344,0,,,,,,,,
2024-11-04,14.649999618530273,14.649999618530273,14.649999618530273,14.649999618530273,75.83018493652344,0,,,,,,,,
2024-11-05,14.649999618530273,14.649999618530273,14.649999618530273,14.649999618530273,75.83018493652344,0,,,,,,,,
2024-11-06,14.649999618530273,14.649999618530273,14.649999618530273,14.649999618530273,75.83018493652344,0,,,,,,,,
2024-11-07,14.649999618530273,14.649999618530273,14.649999618530273,14.649999618530273,75.83018493652344,0,,,,,,,,
2024-11-08,14.649999618530273,14.649999618530273,14.649999618530273,14.649999618530273,75.83018493652344,0,,,,,,,,
2024-11-11,14.649999618530273,14.649999618530273,14.649999618530273,14.649999618530273,75.83018493652344,0,,,,,,,,
2024-11-12,14.649999618530273,14.649999618530273,14.649999618530273,14.649999618530273,75.83018493652344,0,,,,,,,,
2024-11-13,14.649999618530273,14.649999618530273,14.649999618530273,14.649999618530273,75.83018493652344,0,,,,,,,,
2024-11-14,14.649999618530273,14.649999618530273,14.649999618530273,14.649999618530273,75.83018493652344,0,,,,,,,,
2024-11-15,14.649999618530273,14.649999618530273,14.649999618530273,14.649999618530273,75.83018493652344,0,,,,,,,,
2024-11-18,14.649999618530273,14.649999618530273,14.649999618530273,14.649999618530273,75.83018493652344,0,,,,,,,,
2024-11-19,14.649999618530273,14.649999618530273,14.649999618530273,14.649999618530273,75.83018493652344,0,,,,,,,,
2024-11-20,14.649999618530273,14.649999618530273,14.649999618530273,14.649999618530273,75.83018493652344,0,,,,,,,,
2024-11-21,14.649999618530273,14.649999618530273,14.649999618530273,14.649999618530273,75.83018493652344,0,,,,,,,,
2024-11-22,14.649999618530273,14.649999618530273,14.649999618530273,14.649999618530273,75.83018493652344,0,,,,,,,,
2024-11-25,14.649999618530273,14.649999618530273,14.649999618530273,14.649999618530273,75.83018493652344,0,,,,,,,,
2024-11-26,14.649999618530273,14.649999618530273,14.649999618530273,14.649999618530273,75.83018493652344,0,,,,,,,,
2024-11-27,14.649999618530273,14.649999618530273,14.649999618530273,14.649999618530273,75.83018493652344,0,,,,,,,,
2024-11-29,14.649999618530273,14.649999618530273,14.649999618530273,14.649999618530273,75.83018493652344,0,,,,,,,,
2024-12-02,14.649999618530273,14.649999618530273,14.649999618530273,14.649999618530273,75.83018493652344,0,,,,,,,,
2024-12-03,14.649999618530273,14.649999618530273,14.649999618530273,14.649999618530273,75.83018493652344,0,,,,,,,,
2024-12-04,14.649999618530273,14.649999618530273,14.649999618530273,14.649999618530273,75.83018493652344,0,,,,,,,,
2024-12-05,14.649999618530273,14.649999618530273,14.649999618530273,14.649999618530273,75.83018493652344,0,,,,,,,,
2024-12-06,14.649999618530273,14.649999618530273,14.649999618530273,14.649999618530273,75.83018493652344,0,,,,,,,,
2024-12-09,14.649999618530273,14.649999618530273,14.649999618530273,14.649999618530273,75.83018493652344,0,,,,,,,,
2024-12-10,14.649999618530273,14.649999618530273,14.649999618530273,14.649999618530273,75.83018493652344,0,,,,,,,,
2024-12-11,14.649999618530273,14.649999618530273,14.649999618530273,14.649999618530273,75.83018493652344,0,,,,,,,,
2024-12-12,14.649999618530273,14.649999618530273,14.649999618530273,14.649999618530273,75.83018493652344,0,,,,,,,,
2024-12-13,14.649999618530273,14.649999618530273,14.649999618530273,14.649999618530273,75.83018493652344,0,,,,,,,,
2024-12-16,14.649999618530273,14.649999618530273,14.649999618530273,14.649999618530273,75.83018493652344,0,,,,,,,,
2024-12-17,14.649999618530273,14.649999618530273,14.649999618530273,14.649999618530273,75.83018493652344,0,,,,,,,,
2024-12-18,14.649999618530273,14.649999618530273,14.649999618530273,14.649999618530273,75.83018493652344,0,,,,,,,,
2024-12-19,14.649999618530273,14.649999618530273,14.649999618530273,14.649999618530273,75.83018493652344,0,,,,,,,,
2024-12-20,14.649999618530273,14.649999618530273,14.649999618530273,14.649999618530273,75.83018493652344,0,,,,,,,,
2024-12-23,14.649999618530273,14.649999618530273,14.649999618530273,14.649999618530273,75.83018493652344,0,,,,,,,,
2024-12-24,14.649999618530273,14.649999618530273,14.649999618530273,14.649999618530273,75.83018493652344,0,,,,,,,,
2024-12-26,14.649999618530273,14.649999618530273,14.649999618530273,14.649999618530273,75.83018493652344,0,,,,,,,,
2024-12-27,14.649999618530273,14.649999618530273,14.649999618530273,14.649999618530273,75.83018493652344,0,,,,,,,,
2024-12-30,14.649999618530273,14.649999618530273,14.649999618530273,14.649999618530273,75.83018493652344,0,,,,,,,,
2024-12-31,14.649999618530273,14.649999618530273,14.649999618530273,14.649999618530273,75.83018493652344,0,,,,,,,,
2025-01-02,14.649999618530273,14.649999618530273,14.649999618530273,14.649999618530273,75.83018493652344,0,,,,,,,,
2025-01-03,14.649999618530273,14.649999618530273,14.649999618530273,14.649999618530273,75.83018493652344,0,,,,,,,,
2025-01-06,14.649999618530273,14.649999618530273,14.649999618530273,14.649999618530273,75.83018493652344,0,,,,,,,,
2025-01-07,14.649999618530273,14.649999618530273,14.649999618530273,14.649999618530273,75.83018493652344,0,,,,,,,,
2025-01-08,14.649999618530273,14.649999618530273,14.649999618530273,14.649999618530273,75.83018493652344,0,,,,,,,,
2025-01-10,14.649999618530273,14.649999618530273,14.649999618530273,14.649999618530273,75.83018493652344,0,,,,,,,,
2025-01-13,14.649999618530273,14.649999618530273,14.649999618530273,14.649999618530273,75.83018493652344,0,,,,,,,,
2025-01-14,14.649999618530273,14.649999618530273,14.649999618530273,14.649999618530273,75.83018493652344,0,,,,,,,,
2025-01-15,14.649999618530273,14.649999618530273,14.649999618530273,14.649999618530273,75.83018493652344,0,,,,,,,,
2025-01-16,14.649999618530273,14.649999618530273,14.649999618530273,14.649999618530273,75.83018493652344,0,,,,,,,,
2025-01-17,14.649999618530273,14.649999618530273,14.649999618530273,14.649999618530273,75.83018493652344,0,,,,,,,,
2025-01-21,14.649999618530273,14.649999618530273,14.649999618530273,14.649999618530273,75.83018493652344,0,,,,,,,,
2025-01-22,14.649999618530273,14.649999618530273,14.649999618530273,14.649999618530273,75.83018493652344,0,,,,,,,,
2025-01-23,13.75,13.760000228881836,13.739999771118164,13.739999771118164,71.11991882324219,400,,,,,,,,
2025-01-24,13.739999771118164,13.739999771118164,13.739999771118164,13.739999771118164,71.11991882324219,0,,,,,,,,
2025-01-27,13.739999771118164,13.739999771118164,13.739999771118164,13.739999771118164,71.11991882324219,0,,,,,,,,
2025-01-28,13.739999771118164,13.739999771118164,13.739999771118164,13.739999771118164,71.11991882324219,0,,,,,,,,
2025-01-29,13.739999771118164,13.739999771118164,13.739999771118164,13.739999771118164,71.11991882324219,0,,,,,,,,
2025-01-30,13.739999771118164,13.739999771118164,13.739999771118164,13.739999771118164,71.11991882324219,0,,,,,,,,
2025-01-31,13.739999771118164,13.739999771118164,13.739999771118164,13.739999771118164,71.11991882324219,0,,,,,,,,
2025-02-03,13.739999771118164,13.739999771118164,13.739999771118164,13.739999771118164,71.11991882324219,0,,,,,,,,
2025-02-04,13.739999771118164,13.739999771118164,13.739999771118164,13.739999771118164,71.11991882324219,0,,,,,,,,
2025-02-05,13.739999771118164,13.739999771118164,13.739999771118164,13.739999771118164,71.11991882324219,0,,,,,,,,
2025-02-06,13.739999771118164,13.739999771118164,13.739999771118164,13.739999771118164,71.11991882324219,0,,,,,,,,
2025-02-07,13.739999771118164,13.739999771118164,13.739999771118164,13.739999771118164,71.11991882324219,0,,,,,,,,
2025-02-10,13.739999771118164,13.739999771118164,13.739999771118164,13.739999771118164,71.11991882324219,0,,,,,,,,
2025-02-11,13.739999771118164,13.739999771118164,13.739999771118164,13.739999771118164,71.11991882324219,0,,,,,,,,
2025-02-12,13.739999771118164,13.739999771118164,13.739999771118164,13.739999771118164,71.11991882324219,0,,,,,,,,
2025-02-13,13.739999771118164,13.739999771118164,13.739999771118164,13.739999771118164,71.11991882324219,0,,,,,,,,
2025-02-14,13.739999771118164,13.739999771118164,13.739999771118164,13.739999771118164,71.11991882324219,0,,,,,,,,
2025-02-18,13.739999771118164,13.739999771118164,13.739999771118164,13.739999771118164,71.11991882324219,0,,,,,,,,
2025-02-19,13.739999771118164,13.739999771118164,13.739999771118164,13.739999771118164,71.11991882324219,0,,,,,,,,
2025-02-20,13.739999771118164,13.739999771118164,13.739999771118164,13.739999771118164,71.11991882324219,0,,,,,,,,
2025-02-21,13.739999771118164,13.739999771118164,13.739999771118164,13.739999771118164,71.11991882324219,0,,,,,,,,
2025-02-24,13.739999771118164,13.739999771118164,13.739999771118164,13.739999771118164,71.11991882324219,0,,,,,,,,
2025-02-25,13.739999771118164,13.739999771118164,13.739999771118164,13.739999771118164,71.11991882324219,0,,,,,,,,
2025-02-26,13.739999771118164,13.739999771118164,13.739999771118164,13.739999771118164,71.11991882324219,0,,,,,,,,
2025-02-27,13.739999771118164,13.739999771118164,13.739999771118164,13.739999771118164,71.11991882324219,0,,,,,,,,
2025-02-28,13.739999771118164,13.739999771118164,13.739999771118164,13.739999771118164,71.11991882324219,0,,,,,,,,
2025-03-03,13.739999771118164,13.739999771118164,13.739999771118164,13.739999771118164,71.11991882324219,0,,,,,,,,
2025-03-04,13.739999771118164,13.739999771118164,13.739999771118164,13.739999771118164,71.11991882324219,0,,,,,,,,
2025-03-05,13.739999771118164,13.739999771118164,13.739999771118164,13.739999771118164,71.11991882324219,0,,,,,,,,
2025-03-06,13.739999771118164,13.739999771118164,13.739999771118164,13.739999771118164,71.11991882324219,0,,,,,,,,
2025-03-07,13.739999771118164,13.739999771118164,13.739999771118164,13.739999771118164,71.11991882324219,0,,,,,,,,
2025-03-10,13.739999771118164,13.739999771118164,13.739999771118164,13.739999771118164,71.11991882324219,0,,,,,,,,
2025-03-11,13.739999771118164,13.739999771118164,13.739999771118164,13.739999771118164,71.11991882324219,0,,,,,,,,
2025-03-12,13.739999771118164,13.739999771118164,13.739999771118164,13.739999771118164,71.11991882324219,0,,,,,,,,
2025-03-13,13.739999771118164,13.739999771118164,13.739999771118164,13.739999771118164,71.11991882324219,0,,,,,,,,
2025-03-14,13.739999771118164,13.739999771118164,13.739999771118164,13.739999771118164,71.11991882324219,0,,,,,,,,
2025-03-17,13.739999771118164,13.739999771118164,13.739999771118164,13.739999771118164,71.11991882324219,0,,,,,,,,
2025-03-18,13.739999771118164,13.739999771118164,13.739999771118164,13.739999771118164,71.11991882324219,0,,,,,,,,
2025-03-19,13.739999771118164,13.739999771118164,13.739999771118164,13.739999771118164,71.11991882324219,0,,,,,,,,
2025-03-20,13.739999771118164,13.739999771118164,13.739999771118164,13.739999771118164,71.11991882324219,0,,,,,,,,
2025-03-21,13.739999771118164,13.739999771118164,13.739999771118164,13.739999771118164,71.11991882324219,0,,,,,,,,
2025-03-24,13.739999771118164,13.739999771118164,13.739999771118164,13.739999771118164,71.11991882324219,0,,,,,,,,
2025-03-25,13.739999771118164,13.739999771118164,13.739999771118164,13.739999771118164,71.11991882324219,0,,,,,,,,
2025-03-26,13.739999771118164,13.739999771118164,13.739999771118164,13.739999771118164,71.11991882324219,0,,,,,,,,
2025-03-27,13.739999771118164,13.739999771118164,13.739999771118164,13.739999771118164,71.11991882324219,0,,,,,,,,
2025-03-28,13.739999771118164,13.739999771118164,13.739999771118164,13.739999771118164,-31.260000228881836,0,,,,,,,,
2025-03-31,13.739999771118164,13.739999771118164,13.739999771118164,13.739999771118164,-31.260000228881836,0,,,,,,,,
2025-04-01,13.739999771118164,13.739999771118164,13.739999771118164,13.739999771118164,-31.260000228881836,0,,,,,,,,
2025-04-02,13.739999771118164,13.739999771118164,13.739999771118164,13.739999771118164,-31.260000228881836,0,,,,,,,,
2025-04-03,13.739999771118164,13.739999771118164,13.739999771118164,13.739999771118164,-31.260000228881836,0,,,,,,,,
2025-04-04,13.739999771118164,13.739999771118164,13.739999771118164,13.739999771118164,-31.260000228881836,0,,,,,,,,
2025-04-07,13.739999771118164,13.739999771118164,13.739999771118164,13.739999771118164,-31.260000228881836,0,,,,,,,,
2025-04-08,13.739999771118164,13.739999771118164,13.739999771118164,13.739999771118164,-31.260000228881836,0,,,,,,,,
2025-04-09,13.739999771118164,13.739999771118164,13.739999771118164,13.739999771118164,-31.260000228881836,0,,,,,,,,
2025-04-10,13.739999771118164,13.739999771118164,13.739999771118164,13.739999771118164,-31.260000228881836,0,,,,,,,,
2025-04-11,13.739999771118164,13.739999771118164,13.739999771118164,13.739999771118164,-31.260000228881836,0,,,,,,,,
2025-04-14,13.739999771118164,13.739999771118164,13.739999771118164,13.739999771118164,-31.260000228881836,0,,,,,,,,
2025-04-15,13.739999771118164,13.739999771118164,13.739999771118164,13.739999771118164,-31.260000228881836,0,,,,,,,,
2025-04-16,13.739999771118164,13.739999771118164,13.739999771118164,13.739999771118164,-31.260000228881836,0,,,,,,,,
2025-04-17,13.739999771118164,13.739999771118164,13.739999771118164,13.739999771118164,-31.260000228881836,0,,,,,,,,
2025-04-21,13.739999771118164,13.739999771118164,13.739999771118164,13.739999771118164,-31.260000228881836,0,,,,,,,,
2025-04-22,13.739999771118164,13.739999771118164,13.739999771118164,13.739999771118164,-31.260000228881836,0,,,,,,,,
2025-04-23,13.739999771118164,13.739999771118164,13.739999771118164,13.739999771118164,-31.260000228881836,0,,,,,,,,
2025-04-24,13.739999771118164,13.739999771118164,13.739999771118164,13.739999771118164,-31.260000228881836,0,,,,,,,,
2025-04-25,13.739999771118164,13.739999771118164,13.739999771118164,13.739999771118164,-31.260000228881836,0,,,,,,,,
2025-04-28,13.739999771118164,13.739999771118164,13.739999771118164,13.739999771118164,-31.260000228881836,0,,,,,,,,
2025-04-29,13.739999771118164,13.739999771118164,13.739999771118164,13.739999771118164,-31.260000228881836,0,,,,,,,,
2025-04-30,13.739999771118164,13.739999771118164,13.739999771118164,13.739999771118164,-31.260000228881836,0,,,,,,,,
2025-05-01,13.739999771118164,13.739999771118164,13.739999771118164,13.739999771118164,-31.260000228881836,0,,,,,,,,
2025-05-02,13.739999771118164,13.739999771118164,13.739999771118164,13.739999771118164,-31.260000228881836,0,,,,,,,,
2025-05-05,13.739999771118164,13.739999771118164,13.739999771118164,13.739999771118164,-31.260000228881836,0,,,,,,,,
2025-05-06,13.739999771118164,13.739999771118164,13.739999771118164,13.739999771118164,-31.260000228881836,0,,,,,,,,
2025-05-07,13.739999771118164,13.739999771118164,13.739999771118164,13.739999771118164,-31.260000228881836,0,,,,,,,,
2025-05-08,13.739999771118164,13.739999771118164,13.739999771118164,13.739999771118164,-31.260000228881836,0,,,,,,,,
2025-05-09,13.739999771118164,13.739999771118164,13.739999771118164,13.739999771118164,-31.260000228881836,0,,,,,,,,
2025-05-12,13.739999771118164,13.739999771118164,13.739999771118164,13.739999771118164,-31.260000228881836,0,,,,,,,,
2025-05-13,13.739999771118164,13.739999771118164,13.739999771118164,13.739999771118164,-31.260000228881836,0,,,,,,,,
2025-05-14,13.739999771118164,13.739999771118164,13.739999771118164,13.739999771118164,-31.260000228881836,0,,,,,,,,
2025-05-15,13.739999771118164,13.739999771118164,13.739999771118164,13.739999771118164,-31.260000228881836,0,,,,,,,,
2025-05-16,13.739999771118164,13.739999771118164,13.739999771118164,13.739999771118164,-31.260000228881836,0,,,,,,,,
2025-05-19,13.739999771118164,13.739999771118164,13.739999771118164,13.739999771118164,-31.260000228881836,0,,,,,,,,
2025-05-20,13.739999771118164,13.739999771118164,13.739999771118164,13.739999771118164,-31.260000228881836,0,,,,,,,,
2025-05-21,13.739999771118164,13.739999771118164,13.739999771118164,13.739999771118164,-31.260000228881836,0,,,,,,,,
2025-05-22,13.739999771118164,13.739999771118164,13.739999771118164,13.739999771118164,-31.260000228881836,0,,,,,,,,
2025-05-23,13.739999771118164,13.739999771118164,13.739999771118164,13.739999771118164,-31.260000228881836,0,,,,,,,,
2025-05-27,13.739999771118164,13.739999771118164,13.739999771118164,13.739999771118164,-31.260000228881836,0,,,,,,,,
2025-05-28,13.739999771118164,13.739999771118164,13.739999771118164,13.739999771118164,-31.260000228881836,0,,,,,,,,
2025-05-29,13.739999771118164,13.739999771118164,13.739999771118164,13.739999771118164,-31.260000228881836,0,,,,,,,,
2025-05-30,13.739999771118164,13.739999771118164,13.739999771118164,13.739999771118164,-31.260000228881836,0,,,,,,,,
2025-06-02,13.739999771118164,13.739999771118164,13.739999771118164,13.739999771118164,-31.260000228881836,0,,,,,,,,
2025-06-03,13.739999771118164,13.739999771118164,13.739999771118164,13.739999771118164,-31.260000228881836,0,,,,,,,,
2025-06-04,13.739999771118164,13.739999771118164,13.739999771118164,13.739999771118164,-31.260000228881836,0,,,,,,,,
2025-06-05,13.739999771118164,13.739999771118164,13.739999771118164,13.739999771118164,-31.260000228881836,0,,,,,,,,
2025-06-06,13.739999771118164,13.739999771118164,13.739999771118164,13.739999771118164,-31.260000228881836,0,,,,,,,,
2025-06-09,13.739999771118164,13.739999771118164,13.739999771118164,13.739999771118164,-31.260000228881836,0,,,,,,,,
2025-06-10,13.739999771118164,13.739999771118164,13.739999771118164,13.739999771118164,-31.260000228881836,0,,,,,,,,
2025-06-11,13.739999771118164,13.739999771118164,13.739999771118164,13.739999771118164,-31.260000228881836,0,,,,,,,,
2025-06-12,13.739999771118164,13.739999771118164,13.739999771118164,13.739999771118164,-31.260000228881836,0,,,,,,,,
2025-06-13,13.739999771118164,13.739999771118164,13.739999771118164,13.739999771118164,-31.260000228881836,0,,,,,,,,
2025-06-16,13.739999771118164,13.739999771118164,13.739999771118164,13.739999771118164,-31.260000228881836,0,,,,,,,,
2025-06-17,13.739999771118164,13.739999771118164,13.739999771118164,13.739999771118164,-31.260000228881836,0,,,,,,,,
2025-06-18,13.739999771118164,13.739999771118164,13.739999771118164,13.739999771118164,-31.260000228881836,0,,,,,,,,
2025-06-20,13.739999771118164,13.739999771118164,13.739999771118164,13.739999771118164,-31.260000228881836,0,,,,,,,,
2025-06-23,13.739999771118164,13.739999771118164,13.739999771118164,13.739999771118164,-31.260000228881836,0,,,,,,,,
2025-06-24,13.739999771118164,13.739999771118164,13.739999771118164,13.739999771118164,-31.260000228881836,0,,,,,,,,
2025-06-25,13.739999771118164,13.739999771118164,13.739999771118164,13.739999771118164,-31.260000228881836,0,,,,,,,,
2025-06-26,13.739999771118164,13.739999771118164,13.739999771118164,13.739999771118164,-31.260000228881836,0,,,,,,,,
2025-06-27,13.739999771118164,13.739999771118164,13.739999771118164,13.739999771118164,-31.260000228881836,0,,,,,,,,
2025-06-30,13.739999771118164,13.739999771118164,13.739999771118164,13.739999771118164,-31.260000228881836,0,,,,,,,,
2025-07-01,13.739999771118164,13.739999771118164,13.739999771118164,13.739999771118164,-31.260000228881836,0,,,,,,,,
2025-07-02,13.739999771118164,13.739999771118164,13.739999771118164,13.739999771118164,-31.260000228881836,0,,,,,,,,
2025-07-03,13.739999771118164,13.739999771118164,13.739999771118164,13.739999771118164,-31.260000228881836,0,,,,,,,,
2025-07-07,13.739999771118164,13.739999771118164,13.739999771118164,13.739999771118164,-31.260000228881836,0,,,,,,,,
2025-07-08,13.739999771118164,13.739999771118164,13.739999771118164,13.739999771118164,-31.260000228881836,0,,,,,,,,
2025-07-09,13.739999771118164,13.739999771118164,13.739999771118164,13.739999771118164,-31.260000228881836,0,,,,,,,,
2025-07-10,13.739999771118164,13.739999771118164,13.739999771118164,13.739999771118164,-31.260000228881836,0,,,,,,,,
2025-07-11,13.739999771118164,13.739999771118164,13.739999771118164,13.739999771118164,-31.260000228881836,0,,,,,,,,
2025-07-14,13.739999771118164,13.739999771118164,13.739999771118164,13.739999771118164,-31.260000228881836,0,,,,,,,,
2025-07-15,13.739999771118164,13.739999771118164,13.739999771118164,13.739999771118164,-31.260000228881836,0,,,,,,,,
2025-07-16,13.739999771118164,13.739999771118164,13.739999771118164,13.739999771118164,-31.260000228881836,0,,,,,,,,
2025-07-17,13.739999771118164,13.739999771118164,13.739999771118164,13.739999771118164,-31.260000228881836,0,,,,,,,,
2025-07-18,13.739999771118164,13.739999771118164,13.739999771118164,13.739999771118164,-31.260000228881836,0,,,,,,,,
2025-07-21,13.739999771118164,13.739999771118164,13.739999771118164,13.739999771118164,-31.260000228881836,0,,,,,,,,
2025-07-22,13.739999771118164,13.739999771118164,13.739999771118164,13.739999771118164,-31.260000228881836,0,,,,,,,,
2025-07-23,13.739999771118164,13.739999771118164,13.739999771118164,13.739999771118164,-31.260000228881836,0,,,,,,,,
2025-07-24,13.739999771118164,13.739999771118164,13.739999771118164,13.739999771118164,-31.260000228881836,0,,,,,,,,
2025-07-25,13.739999771118164,13.739999771118164,13.739999771118164,13.739999771118164,-31.260000228881836,0,,,,,,,,
2025-07-28,13.739999771118164,13.739999771118164,13.739999771118164,13.739999771118164,-31.260000228881836,0,,,,,,,,
2025-07-29,13.739999771118164,13.739999771118164,13.739999771118164,13.739999771118164,-31.260000228881836,0,,,,,,,,
2025-07-30,13.739999771118164,13.739999771118164,13.739999771118164,13.739999771118164,-31.260000228881836,0,,,,,,,,
2025-07-31,13.739999771118164,13.739999771118164,13.739999771118164,13.739999771118164,-31.260000228881836,0,,,,,,,,
2025-08-01,13.739999771118164,13.739999771118164,13.739999771118164,13.739999771118164,-31.260000228881836,0,,,,,,,,
2025-08-04,13.739999771118164,13.739999771118164,13.739999771118164,13.739999771118164,-31.260000228881836,0,,,,,,,,
2025-08-05,13.739999771118164,13.739999771118164,13.739999771118164,13.739999771118164,-31.260000228881836,0,,,,,,,,
2025-08-06,13.739999771118164,13.739999771118164,13.739999771118164,13.739999771118164,-31.260000228881836,0,,,,,,,,
2025-08-07,13.739999771118164,13.739999771118164,13.739999771118164,13.739999771118164,-31.260000228881836,0,,,,,,,,
2025-08-08,13.739999771118164,13.739999771118164,13.739999771118164,13.739999771118164,-31.260000228881836,0,,,,,,,,
2025-08-11,13.739999771118164,13.739999771118164,13.739999771118164,13.739999771118164,-31.260000228881836,0,,,,,,,,
2025-08-12,13.739999771118164,13.739999771118164,13.739999771118164,13.739999771118164,-31.260000228881836,0,,,,,,,,
2025-08-13,13.739999771118164,13.739999771118164,13.739999771118164,13.739999771118164,-31.260000228881836,0,,,,,,,,
2025-08-14,13.739999771118164,13.739999771118164,13.739999771118164,13.739999771118164,-31.260000228881836,0,,,,,,,,
2025-08-15,13.739999771118164,13.739999771118164,13.739999771118164,13.739999771118164,-31.260000228881836,0,,,,,,,,
2025-08-18,13.739999771118164,13.739999771118164,13.739999771118164,13.739999771118164,-31.260000228881836,0,,,,,,,,
2025-08-19,13.739999771118164,13.739999771118164,13.739999771118164,13.739999771118164,-31.260000228881836,0,,,,,,,,
2025-08-20,13.739999771118164,13.739999771118164,13.739999771118164,13.739999771118164,-31.260000228881836,0,,,,,,,,
2025-08-21,13.739999771118164,13.739999771118164,13.739999771118164,13.739999771118164,-31.260000228881836,0,,,,,,,,
2025-08-22,13.739999771118164,13.739999771118164,13.739999771118164,13.739999771118164,-31.260000228881836,0,,,,,,,,
2025-08-25,13.739999771118164,13.739999771118164,13.739999771118164,13.739999771118164,-31.260000228881836,0,,,,,,,,
2025-08-26,13.739999771118164,13.739999771118164,13.739999771118164,13.739999771118164,-31.260000228881836,0,,,,,,,,
2025-08-27,13.739999771118164,13.739999771118164,13.739999771118164,13.739999771118164,-31.260000228881836,0,,,,,,,,
2025-08-28,13.739999771118164,13.739999771118164,13.739999771118164,13.739999771118164,-31.260000228881836,0,,,,,,,,
2025-08-29,13.739999771118164,13.739999771118164,13.739999771118164,13.739999771118164,-31.260000228881836,0,,,,,,,,
2025-09-02,13.739999771118164,13.739999771118164,13.739999771118164,13.739999771118164,-31.260000228881836,0,,,,,,,,
2025-09-03,13.739999771118164,13.739999771118164,13.739999771118164,13.739999771118164,-31.260000228881836,0,,,,,,,,
2025-09-04,13.739999771118164,13.739999771118164,13.739999771118164,13.739999771118164,-31.260000228881836,0,,,,,,,,
2025-09-05,13.739999771118164,13.739999771118164,13.739999771118164,13.739999771118164,-31.260000228881836,0,,,,,,,,
2025-09-08,13.739999771118164,13.739999771118164,13.739999771118164,13.739999771118164,-31.260000228881836,0,,,,,,,,
2025-09-09,13.739999771118164,13.739999771118164,13.739999771118164,13.739999771118164,-31.260000228881836,0,,,,,,,,
2025-09-10,13.739999771118164,13.739999771118164,13.739999771118164,13.739999771118164,-31.260000228881836,0,,,,,,,,
2025-09-11,13.739999771118164,13.739999771118164,13.739999771118164,13.739999771118164,-31.260000228881836,0,,,,,,,,
2025-09-12,13.739999771118164,13.739999771118164,13.739999771118164,13.739999771118164,-31.260000228881836,0,,,,,,,,
2025-09-15,13.739999771118164,13.739999771118164,13.739999771118164,13.739999771118164,-31.260000228881836,0,,,,,,,,
2025-09-16,13.739999771118164,13.739999771118164,13.739999771118164,13.739999771118164,-31.260000228881836,0,,,,,,,,
2025-09-17,13.739999771118164,13.739999771118164,13.739999771118164,13.739999771118164,-31.260000228881836,0,,,,,,,,
2025-09-18,13.739999771118164,13.739999771118164,13.739999771118164,13.739999771118164,-31.260000228881836,0,,,,,,,,
2025-09-19,13.739999771118164,13.739999771118164,13.739999771118164,13.739999771118164,-31.260000228881836,0,,,,,,,,
2025-09-22,13.739999771118164,13.739999771118164,13.739999771118164,13.739999771118164,-31.260000228881836,0,,,,,,,,
2025-09-23,13.739999771118164,13.739999771118164,13.739999771118164,13.739999771118164,-31.260000228881836,0,,,,,,,,
2025-09-24,13.739999771118164,13.739999771118164,13.739999771118164,13.739999771118164,-31.260000228881836,0,,,,,,,,
2025-09-25,13.739999771118164,13.739999771118164,13.739999771118164,13.739999771118164,-31.260000228881836,0,,,,,,,,
2025-09-26,13.739999771118164,13.739999771118164,13.739999771118164,13.739999771118164,-31.260000228881836,0,,,,,,,,
2025-09-29,13.739999771118164,13.739999771118164,13.739999771118164,13.739999771118164,13.739999771118164,0,,,,,,,,
2025-09-30,13.739999771118164,13.739999771118164,13.739999771118164,13.739999771118164,13.739999771118164,0,,,,,,,,
2025-10-01,13.739999771118164,13.739999771118164,13.739999771118164,13.739999771118164,13.739999771118164,0,,,,,,,,
2025-10-02,13.739999771118164,13.739999771118164,13.739999771118164,13.739999771118164,13.739999771118164,0,,,,,,,,
2025-10-03,13.739999771118164,13.739999771118164,13.739999771118164,13.739999771118164,13.739999771118164,0,,,,,,,,
2025-10-06,13.739999771118164,13.739999771118164,13.739999771118164,13.739999771118164,13.739999771118164,0,,,,,,,,
2025-10-07,13.739999771118164,13.739999771118164,13.739999771118164,13.739999771118164,13.739999771118164,0,,,,,,,,
2025-10-08,13.739999771118164,13.739999771118164,13.739999771118164,13.739999771118164,13.739999771118164,0,,,,,,,,
2025-10-09,13.739999771118164,13.739999771118164,13.739999771118164,13.739999771118164,13.739999771118164,0,,,,,,,,
2025-10-10,13.739999771118164,13.739999771118164,13.739999771118164,13.739999771118164,13.739999771118164,0,,,,,,,,
2025-10-13,13.739999771118164,13.739999771118164,13.739999771118164,13.739999771118164,13.739999771118164,0,,,,,,,,
2025-10-14,13.739999771118164,13.739999771118164,13.739999771118164,13.739999771118164,13.739999771118164,0,,,,,,,,
2025-10-15,13.739999771118164,13.739999771118164,13.739999771118164,13.739999771118164,13.739999771118164,0,,,,,,,,
2025-10-16,13.739999771118164,13.739999771118164,13.739999771118164,13.739999771118164,13.739999771118164,0,,,,,,,,
2025-10-17,13.739999771118164,13.739999771118164,13.739999771118164,13.739999771118164,13.739999771118164,0,,,,,,,,
2025-10-20,13.739999771118164,13.739999771118164,13.739999771118164,13.739999771118164,13.739999771118164,0,,,,,,,,
2025-10-21,13.739999771118164,13.739999771118164,13.739999771118164,13.739999771118164,13.739999771118164,0,,,,,,,,
2025-10-22,13.739999771118164,13.739999771118164,13.739999771118164,13.739999771118164,13.739999771118164,0,,,,,,,,
2025-10-23,13.739999771118164,13.739999771118164,13.739999771118164,13.739999771118164,13.739999771118164,0,,,,,,,,
2025-10-24,13.739999771118164,13.739999771118164,13.739999771118164,13.739999771118164,13.739999771118164,0,,,,,,,,
2025-10-27,13.739999771118164,13.739999771118164,13.739999771118164,13.739999771118164,13.739999771118164,0,,,,,,,,
2025-10-28,13.739999771118164,13.739999771118164,13.739999771118164,13.739999771118164,13.739999771118164,0,,,,,,,,
2025-10-29,13.739999771118164,13.739999771118164,13.739999771118164,13.739999771118164,13.739999771118164,0,,,,,,,,
2025-10-30,13.739999771118164,13.739999771118164,13.739999771118164,13.739999771118164,13.739999771118164,0,,,,,,,,
2025-10-31,13.739999771118164,13.739999771118164,13.739999771118164,13.739999771118164,13.739999771118164,0,,,,,,,,
2025-11-03,13.739999771118164,13.739999771118164,13.739999771118164,13.739999771118164,13.739999771118164,0,,,,,,,,
2025-11-04,13.739999771118164,13.739999771118164,13.739999771118164,13.739999771118164,13.739999771118164,0,,,,,,,,
2025-11-05,13.739999771118164,13.739999771118164,13.739999771118164,13.739999771118164,13.739999771118164,0,,,,,,,,
2025-11-06,13.739999771118164,13.739999771118164,13.739999771118164,13.739999771118164,13.739999771118164,0,,,,,,,,
2025-11-07,13.739999771118164,13.739999771118164,13.739999771118164,13.739999771118164,13.739999771118164,0,,,,,,,,
2025-11-10,13.739999771118164,13.739999771118164,13.739999771118164,13.739999771118164,13.739999771118164,0,,,,,,,,
2025-11-11,13.739999771118164,13.739999771118164,13.739999771118164,13.739999771118164,13.739999771118164,0,,,,,,,,
2025-11-12,13.739999771118164,13.739999771118164,13.739999771118164,13.739999771118164,13.739999771118164,0,,,,,,,,
2025-11-13,13.739999771118164,13.739999771118164,13.739999771118164,13.739999771118164,13.739999771118164,0,,,,,,,,
2025-11-14,13.739999771118164,13.739999771118164,13.739999771118164,13.739999771118164,13.739999771118164,0,,,,,,,,
2025-11-17,13.739999771118164,13.739999771118164,13.739999771118164,13.739999771118164,13.739999771118164,0,,,,,,,,
2025-11-18,13.739999771118164,13.739999771118164,13.739999771118164,13.739999771118164,13.739999771118164,0,,,,,,,,
2025-11-19,13.739999771118164,13.739999771118164,13.739999771118164,13.739999771118164,13.739999771118164,0,,,,,,,,
2025-11-20,13.739999771118164,13.739999771118164,13.739999771118164,13.739999771118164,13.739999771118164,0,,,,,,,,
2025-11-21,13.739999771118164,13.739999771118164,13.739999771118164,13.739999771118164,13.739999771118164,0,,,,,,,,
2025-11-24,13.739999771118164,13.739999771118164,13.739999771118164,13.739999771118164,13.739999771118164,0,,,,,,,,
2025-11-25,13.739999771118164,13.739999771118164,13.739999771118164,13.739999771118164,13.739999771118164,0,,,,,,,,
2025-11-26,13.739999771118164,13.739999771118164,13.739999771118164,13.739999771118164,13.739999771118164,0,,,,,,,,
2025-11-28,13.739999771118164,13.739999771118164,13.739999771118164,13.739999771118164,13.739999771118164,0,,,,,,,,
2025-12-01,13.739999771118164,13.739999771118164,13.739999771118164,13.739999771118164,13.739999771118164,0,,,,,,,,
2025-12-02,13.739999771118164,13.739999771118164,13.739999771118164,13.739999771118164,13.739999771118164,0,,,,,,,,
2025-12-03,13.739999771118164,13.739999771118164,13.739999771118164,13.739999771118164,13.739999771118164,0,,,,,,,,
2025-12-04,13.739999771118164,13.739999771118164,13.739999771118164,13.739999771118164,13.739999771118164,0,,,,,,,,
2025-12-05,13.739999771118164,13.739999771118164,13.739999771118164,13.739999771118164,13.739999771118164,0,,,,,,,,
2025-12-08,13.739999771118164,13.739999771118164,13.739999771118164,13.739999771118164,13.739999771118164,0,,,,,,,,
2025-12-09,13.739999771118164,13.739999771118164,13.739999771118164,13.739999771118164,13.739999771118164,0,,,,,,,,
2025-12-10,13.739999771118164,13.739999771118164,13.739999771118164,13.739999771118164,13.739999771118164,0,,,,,,,,
2025-12-11,13.739999771118164,13.739999771118164,13.739999771118164,13.739999771118164,13.739999771118164,0,,,,,,,,
2025-12-12,13.739999771118164,13.739999771118164,13.739999771118164,13.739999771118164,13.739999771118164,0,,,,,,,,
2025-12-15,13.739999771118164,13.739999771118164,13.739999771118164,13.739999771118164,13.739999771118164,0,,,,,,,,
2025-12-16,13.739999771118164,13.739999771118164,13.739999771118164,13.739999771118164,13.739999771118164,0,,,,,,,,
2025-12-17,13.739999771118164,13.739999771118164,13.739999771118164,13.739999771118164,13.739999771118164,0,,,,,,,,
2025-12-18,13.739999771118164,13.739999771118164,13.739999771118164,13.739999771118164,13.739999771118164,0,,,,,,,,
2025-12-19,13.739999771118164,13.739999771118164,13.739999771118164,13.739999771118164,13.739999771118164,0,,,,,,,,
2025-12-22,13.739999771118164,13.739999771118164,13.739999771118164,13.739999771118164,13.739999771118164,0,,,,,,,,
2025-12-23,13.739999771118164,13.739999771118164,13.739999771118164,13.739999771118164,13.739999771118164,0,,,,,,,,
2025-12-24,13.739999771118164,13.739999771118164,13.739999771118164,13.739999771118164,13.739999771118164,0,,,,,,,,
2025-12-26,13.739999771118164,13.739999771118164,13.739999771118164,13.739999771118164,13.739999771118164,0,,,,,,,,
2025-12-29,13.739999771118164,13.739999771118164,13.739999771118164,13.739999771118164,13.739999771118164,0,,,,,,,,
2025-12-30,13.739999771118164,13.739999771118164,13.739999771118164,13.739999771118164,13.739999771118164,0,,,,,,,,
,NGSCF,NGSCF,NGSCF,NGSCF,NGSCF,NGSCF,,,,,,,,
