date,open,high,low,close,adj_close,volume,"('date', '')","('open', 'NGXXF')","('high', 'NGXXF')","('low', 'NGXXF')","('close', 'NGXXF')","('adj_close', 'NGXXF')","('volume', 'NGXXF')","('currency', '')"
2024-08-15,6.989999771118164,7.25,6.989999771118164,7.25,7.25,29900,,,,,,,,
2024-08-16,7.210000038146973,7.289999961853027,7.179999828338623,7.289999961853027,7.289999961853027,11400,,,,,,,,
2024-08-19,7.519999980926514,7.625999927520752,7.5,7.599999904632568,7.599999904632568,34100,,,,,,,,
2024-08-20,7.619999885559082,7.660999774932861,7.520999908447266,7.660999774932861,7.660999774932861,27000,,,,,,,,
2024-08-21,7.639999866485596,7.699999809265137,7.639999866485596,7.679999828338623,7.679999828338623,7700,,,,,,,,
2024-08-22,7.550000190734863,7.630000114440918,7.539999961853027,7.590000152587891,7.590000152587891,12900,,,,,,,,
2024-08-23,7.789999961853027,7.800000190734863,7.789999961853027,7.800000190734863,7.800000190734863,3100,,,,,,,,
2024-08-26,7.921999931335449,7.97599983215332,7.789999961853027,7.97599983215332,7.97599983215332,5500,,,,,,,,
2024-08-27,7.985000133514404,8.041999816894531,7.949999809265137,7.960000038146973,7.960000038146973,9200,,,,,,,,
2024-08-28,8.029999732971191,8.069999694824219,8.029999732971191,8.069999694824219,8.069999694824219,4400,,,,,,,,
2024-08-29,8.182999610900879,8.1899995803833,8.027000427246094,8.027000427246094,8.027000427246094,4000,,,,,,,,
2024-08-30,8.125,8.149999618530273,8.125,8.149999618530273,8.149999618530273,2500,,,,,,,,
2024-09-03,7.800000190734863,7.800000190734863,7.260000228881836,7.39300012588501,7.39300012588501,28500,,,,,,,,
2024-09-04,7.449999809265137,7.550000190734863,7.413000106811523,7.459000110626221,7.459000110626221,14000,,,,,,,,
2024-09-05,7.199999809265137,7.329999923706055,7.199999809265137,7.314000129699707,7.314000129699707,21100,,,,,,,,
2024-09-06,7.199999809265137,7.199999809265137,7.025000095367432,7.09499979019165,7.09499979019165,56100,,,,,,,,
2024-09-09,7.269999980926514,7.269999980926514,7.127999782562256,7.127999782562256,7.127999782562256,10700,,,,,,,,
2024-09-10,7.050000190734863,7.329999923706055,7.050000190734863,7.329999923706055,7.329999923706055,15900,,,,,,,,
2024-09-11,7.329999923706055,7.329999923706055,7.329999923706055,7.329999923706055,7.329999923706055,1000,,,,,,,,
2024-09-12,7.349999904632568,7.440000057220459,7.304999828338623,7.409999847412109,7.409999847412109,54400,,,,,,,,
2024-09-13,7.318999767303467,7.318999767303467,7.23799991607666,7.23799991607666,7.23799991607666,46700,,,,,,,,
2024-09-16,7.23799991607666,7.23799991607666,7.23799991607666,7.23799991607666,7.23799991607666,8400,,,,,,,,
2024-09-17,7.28000020980835,7.28000020980835,7.195000171661377,7.27400016784668,7.27400016784668,10000,,,,,,,,
2024-09-18,7.244999885559082,7.290999889373779,7.244999885559082,7.290999889373779,7.290999889373779,10700,,,,,,,,
2024-09-19,7.420000076293945,7.420000076293945,7.0,7.395999908447266,7.395999908447266,7900,,,,,,,,
2024-09-20,7.3420000076293945,7.400000095367432,7.3420000076293945,7.400000095367432,7.400000095367432,10900,,,,,,,,
2024-09-23,7.53000020980835,7.579999923706055,7.5,7.570000171661377,7.570000171661377,9900,,,,,,,,
2024-09-24,7.679999828338623,7.860000133514404,7.679999828338623,7.860000133514404,7.860000133514404,9300,,,,,,,,
2024-09-25,7.989999771118164,8.22599983215332,7.989999771118164,8.180000305175781,8.180000305175781,29800,,,,,,,,
2024-09-26,8.430000305175781,8.84000015258789,8.399999618530273,8.645000457763672,8.645000457763672,28500,,,,,,,,
2024-09-27,8.65999984741211,8.65999984741211,8.270000457763672,8.270000457763672,8.270000457763672,21200,,,,,,,,
2024-09-30,8.170000076293945,8.180000305175781,8.032999992370605,8.032999992370605,8.032999992370605,4800,,,,,,,,
2024-10-01,7.900000095367432,8.270000457763672,7.900000095367432,8.199999809265137,8.199999809265137,6500,,,,,,,,
2024-10-02,8.385000228881836,8.385000228881836,8.140000343322754,8.140000343322754,8.140000343322754,11300,,,,,,,,
2024-10-03,8.380000114440918,8.380000114440918,8.149999618530273,8.229999542236328,8.229999542236328,25400,,,,,,,,
2024-10-04,9.180000305175781,9.180000305175781,8.229999542236328,8.28499984741211,8.28499984741211,39500,,,,,,,,
2024-10-07,8.300000190734863,8.300000190734863,8.069999694824219,8.270000457763672,8.270000457763672,14000,,,,,,,,
2024-10-08,8.75,8.75,7.900000095367432,8.130000114440918,8.130000114440918,10000,,,,,,,,
2024-10-09,8.140000343322754,8.173999786376953,8.13700008392334,8.170000076293945,8.170000076293945,10400,,,,,,,,
2024-10-10,8.3100004196167,8.600000381469727,8.3100004196167,8.468000411987305,8.468000411987305,17600,,,,,,,,
2024-10-11,8.541000366210938,8.541000366210938,8.420000076293945,8.449000358581543,8.449000358581543,5100,,,,,,,,
2024-10-14,8.5,8.5,8.4350004196167,8.4350004196167,8.4350004196167,4500,,,,,,,,
2024-10-15,8.520000457763672,8.520000457763672,8.09000015258789,8.279999732971191,8.279999732971191,12100,,,,,,,,
2024-10-16,8.295000076293945,8.670000076293945,8.295000076293945,8.585000038146973,8.585000038146973,69000,,,,,,,,
2024-10-17,8.572999954223633,8.65999984741211,8.352999687194824,8.352999687194824,8.352999687194824,12700,,,,,,,,
2024-10-18,9.09000015258789,9.09000015258789,8.4399995803833,8.553000450134277,8.553000450134277,21800,,,,,,,,
2024-10-21,8.5600004196167,8.59000015258789,8.467000007629395,8.496000289916992,8.496000289916992,29400,,,,,,,,
2024-10-22,8.604999542236328,8.675999641418457,8.550000190734863,8.664999961853027,8.664999961853027,30000,,,,,,,,
2024-10-23,8.680000305175781,8.770000457763672,8.510000228881836,8.579999923706055,8.579999923706055,44900,,,,,,,,
2024-10-24,8.699999809265137,8.699999809265137,8.489999771118164,8.555000305175781,8.555000305175781,25600,,,,,,,,
2024-10-25,8.670000076293945,8.699999809265137,8.545000076293945,8.569999694824219,8.569999694824219,23200,,,,,,,,
2024-10-28,8.600000381469727,8.609999656677246,8.472999572753906,8.479999542236328,8.479999542236328,13700,,,,,,,,
2024-10-29,8.4399995803833,8.442000389099121,8.383000373840332,8.442000389099121,8.442000389099121,7500,,,,,,,,
2024-10-30,8.300000190734863,8.350000381469727,8.289999961853027,8.350000381469727,8.350000381469727,3400,,,,,,,,
2024-10-31,8.25,8.25,8.119999885559082,8.222999572753906,8.222999572753906,73000,,,,,,,,
2024-11-01,8.494999885559082,8.494999885559082,8.307999610900879,8.3100004196167,8.3100004196167,10700,,,,,,,,
2024-11-04,8.989999771118164,8.989999771118164,8.319999694824219,8.420000076293945,8.420000076293945,7900,,,,,,,,
2024-11-05,8.545999526977539,8.550000190734863,8.5,8.550000190734863,8.550000190734863,4500,,,,,,,,
2024-11-06,8.199999809265137,8.270000457763672,7.900000095367432,8.265999794006348,8.265999794006348,38300,,,,,,,,
2024-11-07,8.460000038146973,8.539999961853027,8.430000305175781,8.532999992370605,8.532999992370605,9200,,,,,,,,
2024-11-08,8.329999923706055,8.364999771118164,8.279999732971191,8.364999771118164,8.364999771118164,10000,,,,,,,,
2024-11-11,7.880000114440918,8.229999542236328,7.880000114440918,8.229999542236328,8.229999542236328,13100,,,,,,,,
2024-11-12,8.0600004196167,8.119999885559082,8.0,8.119999885559082,8.119999885559082,6100,,,,,,,,
2024-11-13,8.086999893188477,8.234999656677246,8.086999893188477,8.147000312805176,8.147000312805176,12500,,,,,,,,
2024-11-14,8.149999618530273,8.40999984741211,8.140000343322754,8.40999984741211,8.40999984741211,19200,,,,,,,,
2024-11-15,8.569999694824219,8.586999893188477,8.529999732971191,8.529999732971191,8.529999732971191,50600,,,,,,,,
2024-11-18,8.4399995803833,8.569999694824219,8.4399995803833,8.569999694824219,8.569999694824219,26100,,,,,,,,
2024-11-19,8.824999809265137,9.010000228881836,8.824999809265137,9.010000228881836,9.010000228881836,47500,,,,,,,,
2024-11-20,9.069999694824219,9.09000015258789,8.989999771118164,8.989999771118164,8.989999771118164,48500,,,,,,,,
2024-11-21,9.100000381469727,9.149999618530273,9.100000381469727,9.133000373840332,9.133000373840332,40300,,,,,,,,
2024-11-22,9.210000038146973,9.34000015258789,9.210000038146973,9.34000015258789,9.34000015258789,51700,,,,,,,,
2024-11-25,9.09000015258789,9.119999885559082,8.864999771118164,9.039999961853027,9.039999961853027,65700,,,,,,,,
2024-11-26,8.930000305175781,8.930000305175781,8.930000305175781,8.930000305175781,8.930000305175781,4600,,,,,,,,
2024-11-27,8.890000343322754,8.890000343322754,8.6899995803833,8.78499984741211,8.78499984741211,10000,,,,,,,,
2024-11-29,8.864999771118164,8.920000076293945,8.84000015258789,8.875,8.875,7000,,,,,,,,
2024-12-02,9.119999885559082,9.260000228881836,9.029999732971191,9.260000228881836,9.260000228881836,22000,,,,,,,,
2024-12-03,9.109999656677246,9.119999885559082,9.057999610900879,9.062000274658203,9.062000274658203,9700,,,,,,,,
2024-12-04,9.079999923706055,9.149999618530273,8.760000228881836,8.96500015258789,8.96500015258789,19100,,,,,,,,
2024-12-05,9.045000076293945,9.048999786376953,8.869999885559082,8.942999839782715,8.942999839782715,12300,,,,,,,,
2024-12-06,9.010000228881836,9.079999923706055,9.0,9.039999961853027,9.039999961853027,51700,,,,,,,,
2024-12-09,8.979999542236328,9.40999984741211,8.979999542236328,9.260000228881836,9.260000228881836,56000,,,,,,,,
2024-12-10,9.241000175476074,9.515000343322754,9.241000175476074,9.515000343322754,9.515000343322754,23600,,,,,,,,
2024-12-11,9.614999771118164,9.614999771118164,9.25,9.25,9.25,23600,,,,,,,,
2024-12-12,9.239999771118164,9.239999771118164,9.02299976348877,9.083999633789062,9.083999633789062,29100,,,,,,,,
2024-12-13,8.836999893188477,8.913999557495117,8.805999755859375,8.913999557495117,8.913999557495117,18900,,,,,,,,
2024-12-16,9.0,9.149999618530273,8.890000343322754,8.904999732971191,8.904999732971191,23800,,,,,,,,
2024-12-17,8.800000190734863,8.800000190734863,8.649999618530273,8.687000274658203,8.687000274658203,600,,,,,,,,
2024-12-18,8.880000114440918,9.300000190734863,8.869999885559082,9.149999618530273,9.149999618530273,38900,,,,,,,,
2024-12-19,9.25,9.260000228881836,9.211000442504883,9.255999565124512,9.255999565124512,14300,,,,,,,,
2024-12-20,9.305000305175781,9.399999618530273,9.135000228881836,9.208999633789062,9.208999633789062,26000,,,,,,,,
2024-12-23,9.199999809265137,9.289999961853027,9.199999809265137,9.289999961853027,9.289999961853027,127700,,,,,,,,
2024-12-24,9.420000076293945,9.619999885559082,9.420000076293945,9.619999885559082,9.619999885559082,10200,,,,,,,,
2024-12-26,8.789999961853027,10.930000305175781,8.789999961853027,9.654999732971191,9.654999732971191,7800,,,,,,,,
2024-12-27,9.399999618530273,9.489999771118164,9.335000038146973,9.489999771118164,9.489999771118164,8900,,,,,,,,
2024-12-30,9.359999656677246,9.420000076293945,9.28600025177002,9.289999961853027,9.289999961853027,2900,,,,,,,,
2024-12-31,9.020000457763672,9.350000381469727,9.020000457763672,9.350000381469727,9.350000381469727,21400,,,,,,,,
2025-01-02,9.3149995803833,9.380000114440918,9.154999732971191,9.154999732971191,9.154999732971191,14700,,,,,,,,
2025-01-03,9.085000038146973,9.239999771118164,8.989999771118164,9.220000267028809,9.220000267028809,21400,,,,,,,,
2025-01-06,9.402999877929688,9.454000473022461,9.28499984741211,9.454000473022461,9.454000473022461,17800,,,,,,,,
2025-01-07,9.529999732971191,9.609999656677246,9.449999809265137,9.569999694824219,9.569999694824219,12200,,,,,,,,
2025-01-08,9.65999984741211,9.880000114440918,9.65999984741211,9.770000457763672,9.770000457763672,19300,,,,,,,,
2025-01-10,9.977999687194824,10.069999694824219,9.977999687194824,10.0600004196167,10.0600004196167,11000,,,,,,,,
2025-01-13,10.09000015258789,10.09000015258789,9.904999732971191,10.02299976348877,10.02299976348877,29300,,,,,,,,
2025-01-14,10.090999603271484,10.140000343322754,10.031999588012695,10.0600004196167,10.0600004196167,21900,,,,,,,,
2025-01-15,10.140000343322754,10.270000457763672,10.140000343322754,10.239999771118164,10.239999771118164,23400,,,,,,,,
2025-01-16,10.239999771118164,10.239999771118164,10.239999771118164,10.239999771118164,10.239999771118164,0,,,,,,,,
2025-01-17,10.133000373840332,10.265000343322754,10.130000114440918,10.130000114440918,10.130000114440918,22900,,,,,,,,
2025-01-21,10.199999809265137,10.260000228881836,10.09000015258789,10.180000305175781,10.180000305175781,11300,,,,,,,,
2025-01-22,10.5,10.5,10.288000106811523,10.319999694824219,10.319999694824219,31200,,,,,,,,
2025-01-23,10.29800033569336,10.29800033569336,9.836000442504883,9.869999885559082,9.869999885559082,23300,,,,,,,,
2025-01-24,9.859999656677246,10.10200023651123,9.859999656677246,10.10200023651123,10.10200023651123,17100,,,,,,,,
2025-01-27,9.75,9.75,9.588000297546387,9.600000381469727,9.600000381469727,22000,,,,,,,,
2025-01-28,9.399999618530273,9.449999809265137,9.392000198364258,9.446000099182129,9.446000099182129,12500,,,,,,,,
2025-01-29,9.404999732971191,9.404999732971191,9.15999984741211,9.180000305175781,9.180000305175781,39500,,,,,,,,
2025-01-30,9.109999656677246,9.380000114440918,9.045000076293945,9.380000114440918,9.380000114440918,22200,,,,,,,,
2025-01-31,9.399999618530273,9.399999618530273,9.015000343322754,9.015000343322754,9.015000343322754,19200,,,,,,,,
2025-02-03,8.8100004196167,9.005000114440918,8.789999961853027,8.920000076293945,8.920000076293945,21400,,,,,,,,
2025-02-04,9.111000061035156,9.50100040435791,9.111000061035156,9.420000076293945,9.420000076293945,22600,,,,,,,,
2025-02-05,9.430000305175781,9.5,9.3100004196167,9.5,9.5,12700,,,,,,,,
2025-02-06,9.640000343322754,9.640000343322754,9.4399995803833,9.458999633789062,9.458999633789062,31400,,,,,,,,
2025-02-07,9.460000038146973,9.539999961853027,9.380000114440918,9.529999732971191,9.529999732971191,8400,,,,,,,,
2025-02-10,8.979999542236328,9.529999732971191,8.979999542236328,9.529999732971191,9.529999732971191,13000,,,,,,,,
2025-02-11,9.34000015258789,9.369999885559082,9.289999961853027,9.369999885559082,9.369999885559082,8400,,,,,,,,
2025-02-12,9.279999732971191,9.369999885559082,9.279999732971191,9.359000205993652,9.359000205993652,9000,,,,,,,,
2025-02-13,9.319999694824219,9.581000328063965,9.319999694824219,9.569999694824219,9.569999694824219,8900,,,,,,,,
2025-02-14,9.699999809265137,10.029999732971191,9.699999809265137,9.98900032043457,9.98900032043457,2900,,,,,,,,
2025-02-18,10.0,10.175000190734863,9.95199966430664,9.956000328063965,9.956000328063965,8400,,,,,,,,
2025-02-19,10.0,10.0,9.670000076293945,9.680000305175781,9.680000305175781,123200,,,,,,,,
2025-02-20,9.989999771118164,10.0,9.859999656677246,9.89900016784668,9.89900016784668,92900,,,,,,,,
2025-02-21,9.619999885559082,9.819999694824219,9.619999885559082,9.819999694824219,9.819999694824219,15600,,,,,,,,
2025-02-24,9.779999732971191,9.779999732971191,9.5,9.539999961853027,9.539999961853027,5200,,,,,,,,
2025-02-25,9.449999809265137,9.553999900817871,9.446999549865723,9.510000228881836,9.510000228881836,11000,,,,,,,,
2025-02-26,9.819999694824219,9.854999542236328,9.781000137329102,9.781000137329102,9.781000137329102,9200,,,,,,,,
2025-02-27,9.609999656677246,9.715999603271484,9.609999656677246,9.701000213623047,9.701000213623047,4600,,,,,,,,
2025-02-28,9.539999961853027,9.592000007629395,9.526000022888184,9.59000015258789,9.59000015258789,47100,,,,,,,,
2025-03-03,9.84000015258789,9.84000015258789,9.449999809265137,9.449999809265137,9.449999809265137,28000,,,,,,,,
2025-03-04,9.319999694824219,9.40999984741211,9.3100004196167,9.40999984741211,9.40999984741211,30600,,,,,,,,
2025-03-05,9.399999618530273,9.65999984741211,9.394000053405762,9.645000457763672,9.645000457763672,14400,,,,,,,,
2025-03-06,9.72599983215332,9.789999961853027,9.638999938964844,9.638999938964844,9.638999938964844,18300,,,,,,,,
2025-03-07,9.78600025177002,9.8100004196167,9.550000190734863,9.8100004196167,9.8100004196167,11900,,,,,,,,
2025-03-10,9.42199993133545,9.42199993133545,8.920000076293945,8.984999656677246,8.984999656677246,27900,,,,,,,,
2025-03-11,9.010000228881836,9.1850004196167,8.920000076293945,9.180000305175781,9.180000305175781,20400,,,,,,,,
2025-03-12,9.369999885559082,9.399999618530273,9.170000076293945,9.170000076293945,9.170000076293945,7400,,,,,,,,
2025-03-13,8.800000190734863,9.01200008392334,8.800000190734863,9.0,9.0,9400,,,,,,,,
2025-03-14,9.085000038146973,9.345000267028809,9.085000038146973,9.34000015258789,9.34000015258789,19600,,,,,,,,
2025-03-17,9.234999656677246,9.494000434875488,9.234999656677246,9.494000434875488,9.494000434875488,8400,,,,,,,,
2025-03-18,9.579999923706055,9.668000221252441,9.470000267028809,9.470000267028809,9.470000267028809,11800,,,,,,,,
2025-03-19,9.420000076293945,9.529999732971191,9.399999618530273,9.498000144958496,9.498000144958496,9200,,,,,,,,
2025-03-20,9.489999771118164,9.581000328063965,9.479999542236328,9.569999694824219,9.569999694824219,5000,,,,,,,,
2025-03-21,9.510000228881836,9.569999694824219,9.449999809265137,9.569999694824219,9.569999694824219,3600,,,,,,,,
2025-03-24,9.654999732971191,9.654999732971191,9.640000343322754,9.640000343322754,9.640000343322754,600,,,,,,,,
2025-03-25,9.800000190734863,10.15999984741211,9.75,10.074999809265137,10.074999809265137,16100,,,,,,,,
2025-03-26,10.149999618530273,10.227999687194824,9.67199993133545,9.67199993133545,9.67199993133545,19400,,,,,,,,
2025-03-27,9.557999610900879,9.560999870300293,9.520000457763672,9.560999870300293,9.560999870300293,13700,,,,,,,,
2025-03-28,9.456000328063965,9.456000328063965,9.34000015258789,9.373000144958496,9.373000144958496,8400,,,,,,,,
2025-03-31,9.258000373840332,9.335000038146973,9.109999656677246,9.109999656677246,9.109999656677246,25400,,,,,,,,
2025-04-01,8.9399995803833,9.095000267028809,8.899999618530273,8.960000038146973,8.960000038146973,35600,,,,,,,,
2025-04-02,8.880000114440918,9.010000228881836,8.857999801635742,8.9399995803833,8.9399995803833,39200,,,,,,,,
2025-04-03,8.890000343322754,8.930000305175781,8.739999771118164,8.890000343322754,8.890000343322754,11900,,,,,,,,
2025-04-04,8.6899995803833,8.6899995803833,8.4399995803833,8.470000267028809,8.470000267028809,22400,,,,,,,,
2025-04-07,8.010000228881836,8.300000190734863,7.71999979019165,7.820000171661377,7.820000171661377,24300,,,,,,,,
2025-04-08,8.0,8.0,7.429999828338623,7.489999771118164,7.489999771118164,60000,,,,,,,,
2025-04-09,7.349999904632568,8.293000221252441,7.182000160217285,8.293000221252441,8.293000221252441,49800,,,,,,,,
2025-04-10,8.4399995803833,8.4399995803833,7.820000171661377,7.880000114440918,7.880000114440918,25000,,,,,,,,
2025-04-11,8.25,8.399999618530273,8.239999771118164,8.289999961853027,8.289999961853027,7200,,,,,,,,
2025-04-14,8.369999885559082,8.430000305175781,8.236000061035156,8.430000305175781,8.430000305175781,6900,,,,,,,,
2025-04-15,8.430000305175781,8.625,8.430000305175781,8.4399995803833,8.4399995803833,33100,,,,,,,,
2025-04-16,8.859999656677246,8.859999656677246,8.279999732971191,8.279999732971191,8.279999732971191,26200,,,,,,,,
2025-04-17,7.210000038146973,8.460000038146973,7.210000038146973,8.420000076293945,8.420000076293945,9400,,,,,,,,
2025-04-21,8.413000106811523,8.427000045776367,8.380000114440918,8.420000076293945,8.420000076293945,14900,,,,,,,,
2025-04-22,8.130000114440918,8.850000381469727,8.130000114440918,8.425000190734863,8.425000190734863,9300,,,,,,,,
2025-04-23,8.571999549865723,8.732000350952148,8.571999549865723,8.732000350952148,8.732000350952148,17000,,,,,,,,
2025-04-24,8.855999946594238,9.199999809265137,8.855999946594238,9.149999618530273,9.149999618530273,34000,,,,,,,,
2025-04-25,9.095000267028809,9.180000305175781,9.095000267028809,9.149999618530273,9.149999618530273,13100,,,,,,,,
2025-04-28,9.199999809265137,9.199999809265137,9.079999923706055,9.15999984741211,9.15999984741211,8200,,,,,,,,
2025-04-29,9.194999694824219,9.204999923706055,9.15999984741211,9.15999984741211,9.15999984741211,10400,,,,,,,,
2025-04-30,8.869999885559082,8.869999885559082,8.760000228881836,8.819999694824219,8.819999694824219,24300,,,,,,,,
2025-05-01,8.6899995803833,8.729999542236328,8.614999771118164,8.666999816894531,8.666999816894531,3800,,,,,,,,
2025-05-02,8.520000457763672,8.619999885559082,8.520000457763672,8.59000015258789,8.59000015258789,7000,,,,,,,,
2025-05-05,8.420000076293945,8.649999618530273,8.420000076293945,8.480999946594238,8.480999946594238,16300,,,,,,,,
2025-05-06,8.619999885559082,9.055000305175781,8.61299991607666,9.039999961853027,9.039999961853027,10400,,,,,,,,
2025-05-07,8.890000343322754,9.085000038146973,8.890000343322754,8.970000267028809,8.970000267028809,15500,,,,,,,,
2025-05-08,9.0,9.128999710083008,9.0,9.128999710083008,9.128999710083008,15800,,,,,,,,
2025-05-09,9.0,9.0,8.5649995803833,8.5649995803833,8.5649995803833,14200,,,,,,,,
2025-05-12,8.729999542236328,8.729999542236328,8.491999626159668,8.670000076293945,8.670000076293945,21400,,,,,,,,
2025-05-13,8.550000190734863,8.640000343322754,8.550000190734863,8.579999923706055,8.579999923706055,22200,,,,,,,,
2025-05-14,8.479999542236328,8.510000228881836,8.470000267028809,8.510000228881836,8.510000228881836,46600,,,,,,,,
2025-05-15,8.5,8.529999732971191,8.5,8.529999732971191,8.529999732971191,10600,,,,,,,,
2025-05-16,8.621000289916992,8.621000289916992,8.621000289916992,8.621000289916992,8.621000289916992,10300,,,,,,,,
2025-05-19,8.619999885559082,8.619999885559082,8.305000305175781,8.305000305175781,8.305000305175781,1400,,,,,,,,
2025-05-20,8.619999885559082,8.859999656677246,8.619999885559082,8.670000076293945,8.670000076293945,22600,,,,,,,,
2025-05-21,9.199999809265137,10.58899974822998,9.180000305175781,10.180000305175781,10.180000305175781,84500,,,,,,,,
2025-05-22,10.210000038146973,10.484000205993652,10.170000076293945,10.229999542236328,10.229999542236328,52300,,,,,,,,
2025-05-23,10.300000190734863,10.890000343322754,10.300000190734863,10.890000343322754,10.890000343322754,43500,,,,,,,,
2025-05-27,10.9399995803833,10.944999694824219,10.607999801635742,10.619000434875488,10.619000434875488,37800,,,,,,,,
2025-05-28,10.670000076293945,11.180000305175781,10.670000076293945,11.109999656677246,11.109999656677246,53900,,,,,,,,
2025-05-29,11.199999809265137,11.289999961853027,11.100000381469727,11.149999618530273,11.149999618530273,41400,,,,,,,,
2025-05-30,11.237000465393066,11.430000305175781,11.100000381469727,11.430000305175781,11.430000305175781,23000,,,,,,,,
2025-06-02,11.420000076293945,11.710000038146973,10.994000434875488,11.109999656677246,11.109999656677246,24500,,,,,,,,
2025-06-03,11.309000015258789,11.729999542236328,11.309000015258789,11.668999671936035,11.668999671936035,16300,,,,,,,,
2025-06-04,11.779999732971191,11.89900016784668,11.6899995803833,11.710000038146973,11.710000038146973,26000,,,,,,,,
2025-06-05,11.866999626159668,11.989999771118164,11.755999565124512,11.989999771118164,11.989999771118164,48500,,,,,,,,
2025-06-06,11.979999542236328,11.979999542236328,11.810999870300293,11.930000305175781,11.930000305175781,21800,,,,,,,,
2025-06-09,12.229999542236328,12.229999542236328,11.720000267028809,11.725000381469727,11.725000381469727,17400,,,,,,,,
2025-06-10,11.75,12.25,11.324999809265137,11.40999984741211,11.40999984741211,14000,,,,,,,,
2025-06-11,11.260000228881836,11.397000312805176,11.260000228881836,11.260000228881836,11.260000228881836,31000,,,,,,,,
2025-06-12,11.210000038146973,11.312000274658203,11.149999618530273,11.149999618530273,11.149999618530273,58800,,,,,,,,
2025-06-13,11.199999809265137,11.199999809265137,10.835000038146973,11.118000030517578,11.118000030517578,264400,,,,,,,,
2025-06-16,11.149999618530273,11.3100004196167,10.920000076293945,10.9399995803833,10.9399995803833,49600,,,,,,,,
2025-06-17,10.949999809265137,11.053999900817871,10.88599967956543,11.053999900817871,11.053999900817871,13700,,,,,,,,
2025-06-18,10.998000144958496,11.085000038146973,10.9399995803833,11.07800006866455,11.07800006866455,42400,,,,,,,,
2025-06-20,11.039999961853027,11.074000358581543,10.8100004196167,10.817000389099121,10.817000389099121,40100,,,,,,,,
2025-06-23,10.739999771118164,11.109999656677246,10.739999771118164,11.010000228881836,11.010000228881836,10700,,,,,,,,
2025-06-24,10.970000267028809,11.020000457763672,10.96500015258789,10.96500015258789,10.96500015258789,14900,,,,,,,,
2025-06-25,10.869999885559082,11.15999984741211,10.859999656677246,11.130000114440918,11.130000114440918,21100,,,,,,,,
2025-06-26,11.460000038146973,11.482999801635742,11.4399995803833,11.4399995803833,11.4399995803833,18400,,,,,,,,
2025-06-27,11.25,11.319999694824219,11.156999588012695,11.156999588012695,11.156999588012695,4800,,,,,,,,
2025-06-30,10.649999618530273,11.762999534606934,10.649999618530273,11.670000076293945,11.670000076293945,32200,,,,,,,,
2025-07-01,11.75,11.949999809265137,11.75,11.949999809265137,11.949999809265137,9100,,,,,,,,
2025-07-02,12.140000343322754,12.1850004196167,11.640000343322754,11.640999794006348,11.640999794006348,25500,,,,,,,,
2025-07-03,11.821999549865723,11.96500015258789,11.699999809265137,11.795000076293945,11.795000076293945,6100,,,,,,,,
2025-07-07,10.869999885559082,11.779999732971191,10.869999885559082,11.779999732971191,11.779999732971191,17400,,,,,,,,
2025-07-08,12.220000267028809,12.220000267028809,11.819999694824219,11.928000450134277,11.928000450134277,31600,,,,,,,,
2025-07-09,11.965999603271484,12.347000122070312,11.965999603271484,12.347000122070312,12.347000122070312,26300,,,,,,,,
2025-07-10,12.329999923706055,12.4399995803833,12.329999923706055,12.4399995803833,12.4399995803833,33700,,,,,,,,
2025-07-11,12.295000076293945,12.385000228881836,12.295000076293945,12.366000175476074,12.366000175476074,15700,,,,,,,,
2025-07-14,12.427000045776367,12.435999870300293,12.425999641418457,12.430000305175781,12.430000305175781,9600,,,,,,,,
2025-07-15,12.420000076293945,12.560999870300293,12.390000343322754,12.560999870300293,12.560999870300293,15600,,,,,,,,
2025-07-16,12.449999809265137,12.494999885559082,12.394000053405762,12.494999885559082,12.494999885559082,8600,,,,,,,,
2025-07-17,12.510000228881836,12.600000381469727,12.5,12.600000381469727,12.600000381469727,12000,,,,,,,,
2025-07-18,12.756999969482422,12.802000045776367,12.729999542236328,12.802000045776367,12.802000045776367,20700,,,,,,,,
2025-07-21,13.069999694824219,13.265000343322754,13.0649995803833,13.225000381469727,13.225000381469727,5000,,,,,,,,
2025-07-22,13.680000305175781,13.949999809265137,13.416000366210938,13.864999771118164,13.864999771118164,48700,,,,,,,,
2025-07-23,14.100000381469727,14.149999618530273,13.760000228881836,14.109999656677246,14.109999656677246,47100,,,,,,,,
2025-07-24,14.229999542236328,14.329999923706055,14.15999984741211,14.279999732971191,14.279999732971191,40000,,,,,,,,
2025-07-25,14.279999732971191,14.46500015258789,14.260000228881836,14.4399995803833,14.4399995803833,19700,,,,,,,,
2025-07-28,14.12600040435791,14.211999893188477,14.026000022888184,14.069999694824219,14.069999694824219,103900,,,,,,,,
2025-07-29,14.149999618530273,14.154999732971191,14.03499984741211,14.154999732971191,14.154999732971191,7500,,,,,,,,
2025-07-30,14.392000198364258,14.392000198364258,14.020000457763672,14.020000457763672,14.020000457763672,14000,,,,,,,,
2025-07-31,14.010000228881836,14.15999984741211,13.84000015258789,14.15999984741211,14.15999984741211,15700,,,,,,,,
2025-08-01,14.529999732971191,14.652000427246094,14.407999992370605,14.472999572753906,14.472999572753906,11800,,,,,,,,
2025-08-04,14.5,14.9399995803833,14.5,14.649999618530273,14.649999618530273,4100,,,,,,,,
2025-08-05,14.949999809265137,15.220999717712402,14.949999809265137,15.210000038146973,15.210000038146973,21200,,,,,,,,
2025-08-06,15.279999732971191,15.449999809265137,15.229999542236328,15.35200023651123,15.35200023651123,41000,,,,,,,,
2025-08-07,15.619999885559082,15.619999885559082,15.434000015258789,15.550000190734863,15.550000190734863,9000,,,,,,,,
2025-08-08,15.723999977111816,15.930000305175781,15.678000450134277,15.803999900817871,15.803999900817871,11600,,,,,,,,
2025-08-11,15.850000381469727,15.880000114440918,15.758000373840332,15.800000190734863,15.800000190734863,15000,,,,,,,,
2025-08-12,15.869999885559082,16.308000564575195,15.800000190734863,16.308000564575195,16.308000564575195,29900,,,,,,,,
2025-08-13,16.5,16.5,14.986000061035156,15.225000381469727,15.225000381469727,164900,,,,,,,,
2025-08-14,15.1899995803833,15.279999732971191,15.079999923706055,15.244000434875488,15.244000434875488,16200,,,,,,,,
2025-08-15,15.40999984741211,15.40999984741211,15.067999839782715,15.069999694824219,15.069999694824219,14200,,,,,,,,
2025-08-18,15.270000457763672,15.270000457763672,15.069999694824219,15.15999984741211,15.15999984741211,42400,,,,,,,,
2025-08-19,15.130000114440918,15.130000114440918,14.3100004196167,14.3100004196167,14.3100004196167,29500,,,,,,,,
2025-08-20,14.130000114440918,14.282999992370605,14.050000190734863,14.27299976348877,14.27299976348877,36200,,,,,,,,
2025-08-21,14.260000228881836,15.010000228881836,14.260000228881836,15.010000228881836,15.010000228881836,18700,,,,,,,,
2025-08-22,14.899999618530273,15.272000312805176,14.899999618530273,15.192000389099121,15.192000389099121,135900,,,,,,,,
2025-08-25,15.25,15.359999656677246,15.16100025177002,15.16100025177002,15.16100025177002,50300,,,,,,,,
2025-08-26,15.350000381469727,15.59000015258789,15.350000381469727,15.569999694824219,15.569999694824219,7000,,,,,,,,
2025-08-27,15.600000381469727,15.600000381469727,15.222000122070312,15.317999839782715,15.317999839782715,9000,,,,,,,,
2025-08-28,15.770000457763672,15.770000457763672,15.260000228881836,15.42199993133545,15.42199993133545,22900,,,,,,,,
2025-08-29,15.211999893188477,15.449999809265137,15.199999809265137,15.449999809265137,15.449999809265137,12500,,,,,,,,
2025-09-02,15.300000190734863,15.5,15.220999717712402,15.229999542236328,15.229999542236328,21600,,,,,,,,
2025-09-03,15.25,15.460000038146973,15.232000350952148,15.232000350952148,15.232000350952148,51400,,,,,,,,
2025-09-04,15.576000213623047,15.960000038146973,15.199999809265137,15.295000076293945,15.295000076293945,25300,,,,,,,,
2025-09-05,15.319999694824219,16.020000457763672,15.319999694824219,15.982999801635742,15.982999801635742,65200,,,,,,,,
2025-09-08,15.59000015258789,15.59000015258789,15.210000038146973,15.288000106811523,15.288000106811523,92800,,,,,,,,
2025-09-09,15.489999771118164,15.489999771118164,15.3100004196167,15.34000015258789,15.34000015258789,32800,,,,,,,,
2025-09-10,15.32800006866455,15.593999862670898,15.319999694824219,15.5,15.5,10400,,,,,,,,
2025-09-11,15.449999809265137,16.148000717163086,15.449999809265137,16.148000717163086,16.148000717163086,13200,,,,,,,,
2025-09-12,15.890000343322754,16.09000015258789,15.890000343322754,16.079999923706055,16.079999923706055,4100,,,,,,,,
2025-09-15,15.199999809265137,16.43000030517578,15.199999809265137,16.43000030517578,16.43000030517578,55300,,,,,,,,
2025-09-16,16.65999984741211,16.65999984741211,16.43000030517578,16.43000030517578,16.43000030517578,11400,,,,,,,,
2025-09-17,15.630000114440918,16.34000015258789,15.630000114440918,16.209999084472656,16.209999084472656,28200,,,,,,,,
2025-09-18,16.110000610351562,16.242000579833984,15.630000114440918,16.101999282836914,16.101999282836914,25900,,,,,,,,
2025-09-19,16.0,17.290000915527344,16.0,17.290000915527344,17.290000915527344,255800,,,,,,,,
2025-09-22,19.809999465942383,19.809999465942383,17.299999237060547,17.45800018310547,17.45800018310547,14300,,,,,,,,
2025-09-23,17.649999618530273,17.649999618530273,17.121000289916992,17.45400047302246,17.45400047302246,30800,,,,,,,,
2025-09-24,17.510000228881836,18.40999984741211,17.510000228881836,17.739999771118164,17.739999771118164,29100,,,,,,,,
2025-09-25,17.600000381469727,21.280000686645508,17.5,17.761999130249023,17.761999130249023,63800,,,,,,,,
2025-09-26,17.799999237060547,18.469999313354492,17.799999237060547,18.450000762939453,18.450000762939453,58500,,,,,,,,
2025-09-29,18.0,19.1200008392334,18.0,18.57200050354004,18.57200050354004,53500,,,,,,,,
2025-09-30,18.510000228881836,18.649999618530273,18.350000381469727,18.649999618530273,18.649999618530273,31900,,,,,,,,
2025-10-01,18.638999938964844,19.15999984741211,18.638999938964844,19.077999114990234,19.077999114990234,15800,,,,,,,,
2025-10-02,18.81599998474121,18.965999603271484,18.389999389648438,18.549999237060547,18.549999237060547,21400,,,,,,,,
2025-10-03,18.798999786376953,19.0,18.72800064086914,19.0,19.0,78500,,,,,,,,
2025-10-06,20.100000381469727,20.100000381469727,18.645000457763672,18.677000045776367,18.677000045776367,14100,,,,,,,,
2025-10-07,19.0,19.010000228881836,18.200000762939453,18.312000274658203,18.312000274658203,38100,,,,,,,,
2025-10-08,18.479999542236328,18.93000030517578,18.479999542236328,18.850000381469727,18.850000381469727,11600,,,,,,,,
2025-10-09,19.149999618530273,19.950000762939453,17.950000762939453,18.062000274658203,18.062000274658203,48600,,,,,,,,
2025-10-10,18.06999969482422,18.06999969482422,17.68000030517578,17.739999771118164,17.739999771118164,68400,,,,,,,,
2025-10-13,18.0,18.760000228881836,17.985000610351562,18.34000015258789,18.34000015258789,24700,,,,,,,,
2025-10-14,18.200000762939453,18.450000762939453,17.264999389648438,18.049999237060547,18.049999237060547,40000,,,,,,,,
2025-10-15,18.450000762939453,18.645999908447266,18.350000381469727,18.5,18.5,5900,,,,,,,,
2025-10-16,19.062000274658203,19.790000915527344,18.809999465942383,19.790000915527344,19.790000915527344,79300,,,,,,,,
2025-10-17,19.8700008392334,19.8700008392334,18.149999618530273,18.149999618530273,18.149999618530273,106000,,,,,,,,
2025-10-20,18.062000274658203,20.350000381469727,18.062000274658203,20.350000381469727,20.350000381469727,42800,,,,,,,,
2025-10-21,19.389999389648438,19.600000381469727,17.350000381469727,18.049999237060547,18.049999237060547,322300,,,,,,,,
2025-10-22,19.0,19.0,17.562999725341797,17.886999130249023,17.886999130249023,77900,,,,,,,,
2025-10-23,17.030000686645508,17.865999221801758,17.030000686645508,17.865999221801758,17.865999221801758,175700,,,,,,,,
2025-10-24,18.3700008392334,18.43400001525879,17.81999969482422,18.43400001525879,18.43400001525879,96000,,,,,,,,
2025-10-27,18.15999984741211,18.25,16.0,16.0,16.0,4400,,,,,,,,
2025-10-28,16.639999389648438,16.79400062561035,16.3700008392334,16.43000030517578,16.43000030517578,52400,,,,,,,,
2025-10-29,16.75,16.75,15.850000381469727,16.010000228881836,16.010000228881836,52000,,,,,,,,
2025-10-30,15.770000457763672,16.030000686645508,15.642000198364258,15.9399995803833,15.9399995803833,41500,,,,,,,,
2025-10-31,16.0,16.445999145507812,16.0,16.235000610351562,16.235000610351562,136700,,,,,,,,
2025-11-03,15.465999603271484,15.84000015258789,15.086000442504883,15.84000015258789,15.84000015258789,24600,,,,,,,,
2025-11-04,15.34000015258789,15.354000091552734,15.076000213623047,15.076000213623047,15.076000213623047,37300,,,,,,,,
2025-11-05,15.0,15.730999946594238,15.0,15.730999946594238,15.730999946594238,34400,,,,,,,,
2025-11-06,16.049999237060547,16.350000381469727,15.979999542236328,16.218000411987305,16.218000411987305,97100,,,,,,,,
2025-11-07,16.239999771118164,16.290000915527344,16.07699966430664,16.290000915527344,16.290000915527344,16600,,,,,,,,
2025-11-10,16.992000579833984,17.243999481201172,16.889999389648438,17.0,17.0,17800,,,,,,,,
2025-11-11,16.5,16.95199966430664,16.5,16.940000534057617,16.940000534057617,45900,,,,,,,,
2025-11-12,17.22800064086914,17.8799991607666,17.22800064086914,17.700000762939453,17.700000762939453,15700,,,,,,,,
2025-11-13,17.75,17.75,16.843000411987305,16.843000411987305,16.843000411987305,42800,,,,,,,,
2025-11-14,16.760000228881836,17.054000854492188,16.760000228881836,17.054000854492188,17.054000854492188,13900,,,,,,,,
2025-11-17,16.780000686645508,17.110000610351562,16.68400001525879,16.940000534057617,16.940000534057617,33400,,,,,,,,
2025-11-18,16.950000762939453,17.187999725341797,16.84000015258789,17.187999725341797,17.187999725341797,10000,,,,,,,,
2025-11-19,17.075000762939453,17.200000762939453,16.700000762939453,17.048999786376953,17.048999786376953,11000,,,,,,,,
2025-11-20,17.200000762939453,17.329999923706055,15.75,15.770000457763672,15.770000457763672,18500,,,,,,,,
2025-11-21,15.0,16.239999771118164,15.0,16.139999389648438,16.139999389648438,28700,,,,,,,,
2025-11-24,16.474000930786133,16.549999237060547,16.263999938964844,16.540000915527344,16.540000915527344,31500,,,,,,,,
2025-11-25,16.65999984741211,16.940000534057617,16.540000915527344,16.940000534057617,16.940000534057617,8700,,,,,,,,
2025-11-26,16.950000762939453,17.229999542236328,16.950000762939453,17.229999542236328,17.229999542236328,15800,,,,,,,,
2025-11-28,17.690000534057617,18.020000457763672,17.649999618530273,17.722000122070312,17.722000122070312,19300,,,,,,,,
2025-12-01,17.75,18.1200008392334,17.711999893188477,17.841999053955078,17.841999053955078,15000,,,,,,,,
2025-12-02,17.719999313354492,17.719999313354492,17.299999237060547,17.393999099731445,17.393999099731445,4600,,,,,,,,
2025-12-03,17.763999938964844,17.909000396728516,17.729999542236328,17.909000396728516,17.909000396728516,17900,,,,,,,,
2025-12-04,18.0,18.149999618530273,17.8700008392334,17.90999984741211,17.90999984741211,34600,,,,,,,,
2025-12-05,18.100000381469727,18.25,18.020000457763672,18.079999923706055,18.079999923706055,9500,,,,,,,,
2025-12-08,18.110000610351562,18.143999099731445,17.875999450683594,18.040000915527344,18.040000915527344,13100,,,,,,,,
2025-12-09,17.90999984741211,18.211999893188477,17.600000381469727,18.059999465942383,18.059999465942383,10400,,,,,,,,
2025-12-10,17.670000076293945,17.743999481201172,17.3700008392334,17.743999481201172,17.743999481201172,22400,,,,,,,,
2025-12-11,17.940000534057617,18.059999465942383,17.770000457763672,17.841999053955078,17.841999053955078,24900,,,,,,,,
2025-12-12,18.3700008392334,18.3700008392334,17.84000015258789,18.25,18.25,15800,,,,,,,,
2025-12-15,18.25,18.450000762939453,18.059999465942383,18.100000381469727,18.100000381469727,23700,,,,,,,,
2025-12-16,18.149999618530273,18.31999969482422,17.760000228881836,17.760000228881836,17.760000228881836,28200,,,,,,,,
2025-12-17,18.299999237060547,18.450000762939453,17.780000686645508,18.125999450683594,18.125999450683594,38100,,,,,,,,
2025-12-18,18.850000381469727,19.100000381469727,18.06999969482422,18.834999084472656,18.834999084472656,50700,,,,,,,,
2025-12-19,18.920000076293945,19.450000762939453,18.81999969482422,19.1299991607666,19.1299991607666,98500,,,,,,,,
2025-12-22,19.510000228881836,19.860000610351562,19.100000381469727,19.100000381469727,19.100000381469727,20000,,,,,,,,
2025-12-23,19.25,19.309999465942383,18.700000762939453,18.959999084472656,18.959999084472656,19200,,,,,,,,
2025-12-24,18.617000579833984,18.729999542236328,18.349000930786133,18.450000762939453,18.450000762939453,9500,,,,,,,,
2025-12-26,18.56999969482422,18.899999618530273,17.649999618530273,18.549999237060547,18.549999237060547,20700,,,,,,,,
2025-12-29,18.31999969482422,18.75,17.950000762939453,18.34600067138672,18.34600067138672,13100,,,,,,,,
2025-12-30,18.53700065612793,18.8700008392334,18.290000915527344,18.59600067138672,18.59600067138672,25700,,,,,,,,
,NGXXF,NGXXF,NGXXF,NGXXF,NGXXF,NGXXF,,,,,,,,
