date,open,high,low,close,adj_close,volume,"('date', '')","('open', 'PHIN')","('high', 'PHIN')","('low', 'PHIN')","('close', 'PHIN')","('adj_close', 'PHIN')","('volume', 'PHIN')","('currency', '')"
2023-06-28,30.0,37.0,30.0,37.0,34.73991394042969,900,,,,,,,,
2023-06-29,34.0,34.0,31.010000228881836,31.010000228881836,29.115806579589844,900,,,,,,,,
2023-06-30,31.489999771118164,31.489999771118164,31.489999771118164,31.489999771118164,29.566482543945312,100,,,,,,,,
2023-07-03,30.049999237060547,30.049999237060547,30.049999237060547,30.049999237060547,28.21444320678711,800,,,,,,,,
2023-07-05,29.889999389648438,36.9900016784668,29.040000915527344,36.75,34.505184173583984,12492100,,,,,,,,
2023-07-06,35.83000183105469,36.38999938964844,31.5,33.810001373291016,31.74477767944336,3237100,,,,,,,,
2023-07-07,33.099998474121094,35.16999816894531,32.529998779296875,33.25,31.218975067138672,1974400,,,,,,,,
2023-07-10,32.20000076293945,32.31999969482422,27.209999084472656,27.690000534057617,25.998600006103516,6616400,,,,,,,,
2023-07-11,26.75,28.34000015258789,25.510000228881836,26.610000610351562,24.984569549560547,4230900,,,,,,,,
2023-07-12,26.3799991607666,26.889999389648438,24.489999771118164,25.540000915527344,23.97992706298828,4643100,,,,,,,,
2023-07-13,25.5,27.899999618530273,25.459999084472656,27.790000915527344,26.09249496459961,3829800,,,,,,,,
2023-07-14,27.350000381469727,28.649999618530273,27.030000686645508,28.309999465942383,26.580732345581055,2329300,,,,,,,,
2023-07-17,28.280000686645508,28.989999771118164,27.15999984741211,28.18000030517578,26.458669662475586,1414400,,,,,,,,
2023-07-18,26.829999923706055,28.25,26.780000686645508,27.420000076293945,25.745094299316406,2240100,,,,,,,,
2023-07-19,27.049999237060547,27.780000686645508,25.920000076293945,26.1299991607666,24.53388786315918,2086500,,,,,,,,
2023-07-20,25.979999542236328,27.020000457763672,25.889999389648438,26.549999237060547,24.92823600769043,1050000,,,,,,,,
2023-07-21,26.709999084472656,27.71500015258789,26.6200008392334,27.299999237060547,25.632421493530273,1678800,,,,,,,,
2023-07-24,27.059999465942383,29.350000381469727,26.90999984741211,28.829999923706055,27.068965911865234,1177500,,,,,,,,
2023-07-25,28.979999542236328,29.790000915527344,28.450000762939453,28.959999084472656,27.191024780273438,1388400,,,,,,,,
2023-07-26,28.56999969482422,29.049999237060547,28.350000381469727,28.610000610351562,26.86240577697754,1007800,,,,,,,,
2023-07-27,28.639999389648438,29.0,26.600000381469727,26.90999984741211,25.266246795654297,2015900,,,,,,,,
2023-07-28,27.299999237060547,28.25,26.850000381469727,27.34000015258789,25.669981002807617,1006100,,,,,,,,
2023-07-31,27.34000015258789,28.5,26.81999969482422,28.3700008392334,26.637065887451172,1056700,,,,,,,,
2023-08-01,28.260000228881836,29.3799991607666,28.0,29.059999465942383,27.284915924072266,502500,,,,,,,,
2023-08-02,29.0,30.479999542236328,28.4950008392334,29.8799991607666,28.054826736450195,903400,,,,,,,,
2023-08-03,29.799999237060547,30.309999465942383,28.81999969482422,28.84000015258789,27.07835578918457,658500,,,,,,,,
2023-08-04,28.899999618530273,29.079999923706055,27.739999771118164,27.989999771118164,26.2802734375,664600,,,,,,,,
2023-08-07,27.969999313354492,29.334999084472656,27.969999313354492,28.510000228881836,26.768512725830078,525300,,,,,,,,
2023-08-08,28.100000381469727,28.459999084472656,27.75,27.920000076293945,26.214550018310547,363500,,,,,,,,
2023-08-09,27.110000610351562,28.479999542236328,26.799999237060547,28.209999084472656,26.486835479736328,647500,,,,,,,,
2023-08-10,28.229999542236328,29.040000915527344,28.05500030517578,28.690000534057617,26.937517166137695,576500,,,,,,,,
2023-08-11,28.479999542236328,29.510000228881836,28.149999618530273,29.110000610351562,27.331865310668945,532300,,,,,,,,
2023-08-14,28.829999923706055,29.350000381469727,28.049999237060547,28.43000030517578,26.69339942932129,448500,,,,,,,,
2023-08-15,28.8799991607666,29.023000717163086,27.59000015258789,28.0,26.28966522216797,425700,,,,,,,,
2023-08-16,27.56999969482422,27.739999771118164,26.790000915527344,26.84000015258789,25.20052146911621,793200,,,,,,,,
2023-08-17,26.860000610351562,27.190000534057617,26.540000915527344,26.6200008392334,24.993961334228516,403800,,,,,,,,
2023-08-18,26.5,26.93000030517578,26.5,26.520000457763672,24.900070190429688,434400,,,,,,,,
2023-08-21,26.579999923706055,26.74799919128418,25.709999084472656,25.899999618530273,24.31793975830078,509800,,,,,,,,
2023-08-22,25.690000534057617,26.579999923706055,25.690000534057617,26.34000015258789,24.731061935424805,308500,,,,,,,,
2023-08-23,26.0,26.68000030517578,25.809999465942383,26.540000915527344,24.918848037719727,624100,,,,,,,,
2023-08-24,26.520000457763672,26.709999084472656,26.260000228881836,26.459999084472656,24.843732833862305,354600,,,,,,,,
2023-08-25,26.31999969482422,27.28499984741211,26.31999969482422,27.040000915527344,25.3883056640625,246900,,,,,,,,
2023-08-28,27.079999923706055,27.709999084472656,26.940000534057617,27.1299991607666,25.472806930541992,447900,,,,,,,,
2023-08-29,27.190000534057617,27.219999313354492,26.299999237060547,26.600000381469727,24.975183486938477,496600,,,,,,,,
2023-08-30,26.459999084472656,27.110000610351562,26.385000228881836,26.799999237060547,25.162965774536133,280600,,,,,,,,
2023-08-31,27.649999618530273,28.59000015258789,27.649999618530273,27.799999237060547,26.101882934570312,743300,,,,,,,,
2023-09-01,27.84000015258789,28.700000762939453,27.774999618530273,28.3799991607666,26.646453857421875,483600,,,,,,,,
2023-09-05,28.559999465942383,28.854000091552734,28.1299991607666,28.200000762939453,26.477447509765625,524500,,,,,,,,
2023-09-06,28.1200008392334,28.209999084472656,27.43000030517578,27.979999542236328,26.27088737487793,522100,,,,,,,,
2023-09-07,27.610000610351562,27.989999771118164,27.239999771118164,27.510000228881836,25.8295955657959,376200,,,,,,,,
2023-09-08,27.829999923706055,28.270000457763672,27.6299991607666,27.860000610351562,26.158220291137695,471500,,,,,,,,
2023-09-11,27.600000381469727,28.100000381469727,26.40999984741211,26.540000915527344,25.144479751586914,562500,,,,,,,,
2023-09-12,26.399999618530273,26.559999465942383,26.06999969482422,26.149999618530273,24.774982452392578,567700,,,,,,,,
2023-09-13,26.149999618530273,27.06999969482422,25.93000030517578,26.489999771118164,25.097108840942383,757300,,,,,,,,
2023-09-14,26.8799991607666,27.469999313354492,26.520000457763672,27.280000686645508,25.845569610595703,606000,,,,,,,,
2023-09-15,27.59000015258789,29.110000610351562,27.424999237060547,28.549999237060547,27.048786163330078,3345800,,,,,,,,
2023-09-18,28.3799991607666,28.469999313354492,27.084999084472656,27.170000076293945,25.741350173950195,535800,,,,,,,,
2023-09-19,26.889999389648438,27.440000534057617,26.350000381469727,26.360000610351562,24.973947525024414,655700,,,,,,,,
2023-09-20,26.3700008392334,26.770000457763672,26.100000381469727,26.389999389648438,25.002363204956055,536400,,,,,,,,
2023-09-21,26.399999618530273,26.729999542236328,25.895000457763672,26.09000015258789,24.718141555786133,516000,,,,,,,,
2023-09-22,25.899999618530273,26.190000534057617,25.719999313354492,25.860000610351562,24.500234603881836,503500,,,,,,,,
2023-09-25,25.760000228881836,26.190000534057617,25.489999771118164,25.709999084472656,24.358121871948242,321500,,,,,,,,
2023-09-26,25.299999237060547,25.68000030517578,24.510000228881836,24.600000381469727,23.30648422241211,696400,,,,,,,,
2023-09-27,24.770000457763672,25.84000015258789,24.649999618530273,25.43000030517578,24.092844009399414,1048500,,,,,,,,
2023-09-28,25.299999237060547,26.209999084472656,25.15999984741211,25.920000076293945,24.55707550048828,579700,,,,,,,,
2023-09-29,25.920000076293945,26.81999969482422,25.920000076293945,26.790000915527344,25.381338119506836,600000,,,,,,,,
2023-10-02,26.8700008392334,27.31999969482422,25.969999313354492,26.1299991607666,24.75603485107422,820700,,,,,,,,
2023-10-03,26.15999984741211,26.704999923706055,25.899999618530273,25.959999084472656,24.594974517822266,551900,,,,,,,,
2023-10-04,25.850000381469727,26.270000457763672,25.649999618530273,25.950000762939453,24.58550262451172,430900,,,,,,,,
2023-10-05,25.899999618530273,26.350000381469727,25.885000228881836,26.309999465942383,24.926572799682617,372100,,,,,,,,
2023-10-06,26.209999084472656,27.23900032043457,25.889999389648438,26.690000534057617,25.286590576171875,389600,,,,,,,,
2023-10-09,26.43000030517578,27.06999969482422,26.280000686645508,26.520000457763672,25.125532150268555,263800,,,,,,,,
2023-10-10,26.59000015258789,27.59000015258789,26.59000015258789,27.43000030517578,25.987682342529297,378900,,,,,,,,
2023-10-11,27.489999771118164,27.799999237060547,27.25,27.75,26.290857315063477,225700,,,,,,,,
2023-10-12,27.81999969482422,27.940000534057617,26.924999237060547,27.389999389648438,25.949783325195312,405600,,,,,,,,
2023-10-13,27.549999237060547,27.80500030517578,27.020000457763672,27.299999237060547,25.86451530456543,394200,,,,,,,,
2023-10-16,27.30500030517578,28.0,27.30500030517578,27.43000030517578,25.987682342529297,438400,,,,,,,,
2023-10-17,27.190000534057617,28.5,27.190000534057617,28.0,26.527708053588867,765100,,,,,,,,
2023-10-18,27.729999542236328,27.895000457763672,27.360000610351562,27.5,26.053998947143555,228000,,,,,,,,
2023-10-19,27.329999923706055,27.600000381469727,26.239999771118164,26.290000915527344,24.907623291015625,405500,,,,,,,,
2023-10-20,26.270000457763672,26.524999618530273,25.739999771118164,26.40999984741211,25.02131462097168,370200,,,,,,,,
2023-10-23,26.290000915527344,26.700000762939453,25.920000076293945,26.079999923706055,24.708663940429688,385200,,,,,,,,
2023-10-24,26.1299991607666,26.93000030517578,26.010000228881836,26.739999771118164,25.333961486816406,332800,,,,,,,,
2023-10-25,26.440000534057617,26.485000610351562,25.579999923706055,25.940000534057617,24.576026916503906,478300,,,,,,,,
2023-10-26,25.860000610351562,26.68000030517578,25.3700008392334,25.459999084472656,24.121267318725586,292300,,,,,,,,
2023-10-27,25.360000610351562,25.75,25.309999465942383,25.510000228881836,24.168636322021484,381200,,,,,,,,
2023-10-30,25.84000015258789,26.209999084472656,25.299999237060547,25.6200008392334,24.272855758666992,454900,,,,,,,,
2023-10-31,25.469999313354492,26.139999389648438,25.43000030517578,25.8799991607666,24.519184112548828,246500,,,,,,,,
2023-11-01,25.719999313354492,26.040000915527344,25.149999618530273,25.8700008392334,24.509706497192383,389600,,,,,,,,
2023-11-02,26.200000762939453,26.344999313354492,25.15999984741211,25.889999389648438,24.528657913208008,351000,,,,,,,,
2023-11-03,26.309999465942383,27.09000015258789,26.200000762939453,26.75,25.343435287475586,503700,,,,,,,,
2023-11-06,25.899999618530273,27.30500030517578,25.520000457763672,26.260000228881836,24.879201889038086,733100,,,,,,,,
2023-11-07,25.1200008392334,26.139999389648438,25.06999969482422,25.959999084472656,24.594974517822266,592800,,,,,,,,
2023-11-08,25.889999389648438,25.889999389648438,24.100000381469727,24.559999465942383,23.268590927124023,1329800,,,,,,,,
2023-11-09,24.270000457763672,24.889999389648438,23.809999465942383,23.940000534057617,22.68119239807129,696500,,,,,,,,
2023-11-10,24.170000076293945,24.559999465942383,23.780000686645508,24.31999969482422,23.04121208190918,450000,,,,,,,,
2023-11-13,23.889999389648438,24.450000762939453,23.459999084472656,24.040000915527344,22.775936126708984,516300,,,,,,,,
2023-11-14,24.549999237060547,25.809999465942383,24.549999237060547,25.530000686645508,24.187589645385742,627000,,,,,,,,
2023-11-15,25.450000762939453,26.31999969482422,25.450000762939453,25.709999084472656,24.358121871948242,601800,,,,,,,,
2023-11-16,25.579999923706055,25.93000030517578,25.100000381469727,25.65999984741211,24.31075096130371,491600,,,,,,,,
2023-11-17,26.0,26.18000030517578,25.579999923706055,25.8799991607666,24.519184112548828,401000,,,,,,,,
2023-11-20,25.809999465942383,26.05500030517578,25.510000228881836,25.559999465942383,24.216007232666016,438300,,,,,,,,
2023-11-21,25.450000762939453,26.059999465942383,25.40999984741211,25.75,24.396018981933594,499800,,,,,,,,
2023-11-22,25.889999389648438,26.110000610351562,25.40999984741211,25.56999969482422,24.225482940673828,354700,,,,,,,,
2023-11-24,25.59000015258789,26.290000915527344,25.489999771118164,25.809999465942383,24.452861785888672,233600,,,,,,,,
2023-11-27,25.739999771118164,25.905000686645508,25.5,25.520000457763672,24.17811393737793,552500,,,,,,,,
2023-11-28,25.389999389648438,26.489999771118164,25.190000534057617,25.93000030517578,24.56655502319336,994800,,,,,,,,
2023-11-29,26.1299991607666,26.760000228881836,25.770000457763672,26.020000457763672,24.65182113647461,541600,,,,,,,,
2023-11-30,26.100000381469727,26.469999313354492,25.43000030517578,25.5,24.39353370666504,548600,,,,,,,,
2023-12-01,25.489999771118164,26.8799991607666,25.389999389648438,26.739999771118164,25.57973289489746,348000,,,,,,,,
2023-12-04,26.420000076293945,27.690000534057617,26.420000076293945,27.25,26.06760025024414,390100,,,,,,,,
2023-12-05,27.1299991607666,27.219999313354492,26.579999923706055,26.639999389648438,25.484071731567383,376500,,,,,,,,
2023-12-06,26.899999618530273,27.0049991607666,26.079999923706055,26.350000381469727,25.206655502319336,676600,,,,,,,,
2023-12-07,26.520000457763672,26.670000076293945,26.084999084472656,26.6200008392334,25.46493911743164,672900,,,,,,,,
2023-12-08,26.739999771118164,27.079999923706055,26.270000457763672,26.600000381469727,25.4458065032959,585400,,,,,,,,
2023-12-11,26.530000686645508,27.06999969482422,26.350000381469727,27.059999465942383,25.885845184326172,851100,,,,,,,,
2023-12-12,26.75,27.219999313354492,26.3799991607666,27.059999465942383,25.885845184326172,761600,,,,,,,,
2023-12-13,27.0,27.489999771118164,26.299999237060547,27.440000534057617,26.249359130859375,996600,,,,,,,,
2023-12-14,27.709999084472656,28.979999542236328,27.709999084472656,28.90999984741211,27.655574798583984,608100,,,,,,,,
2023-12-15,29.280000686645508,29.290000915527344,28.079999923706055,28.540000915527344,27.3016300201416,1956000,,,,,,,,
2023-12-18,28.299999237060547,28.350000381469727,27.825000762939453,28.25,27.024211883544922,422100,,,,,,,,
2023-12-19,28.25,29.889999389648438,28.1200008392334,29.770000457763672,28.478260040283203,859700,,,,,,,,
2023-12-20,29.719999313354492,30.6200008392334,29.34000015258789,29.81999969482422,28.526084899902344,953600,,,,,,,,
2023-12-21,29.84000015258789,30.25,29.135000228881836,29.920000076293945,28.621749877929688,375200,,,,,,,,
2023-12-22,29.920000076293945,30.672000885009766,29.639999389648438,30.18000030517578,28.870468139648438,341600,,,,,,,,
2023-12-26,30.290000915527344,30.799999237060547,30.165000915527344,30.559999465942383,29.233978271484375,200500,,,,,,,,
2023-12-27,30.68000030517578,31.079999923706055,30.51099967956543,30.690000534057617,29.358339309692383,456400,,,,,,,,
2023-12-28,30.65999984741211,30.8700008392334,30.329999923706055,30.610000610351562,29.281808853149414,303700,,,,,,,,
2023-12-29,30.469999313354492,30.670000076293945,30.290000915527344,30.290000915527344,28.975698471069336,222900,,,,,,,,
2024-01-02,29.969999313354492,30.770000457763672,29.68000030517578,30.520000457763672,29.19571304321289,496200,,,,,,,,
2024-01-03,30.020000457763672,30.020000457763672,28.530000686645508,28.559999465942383,27.32076072692871,583100,,,,,,,,
2024-01-04,28.440000534057617,28.530000686645508,27.913999557495117,28.229999542236328,27.005081176757812,576300,,,,,,,,
2024-01-05,28.31999969482422,29.0,28.25,28.479999542236328,27.24422836303711,363700,,,,,,,,
2024-01-08,28.690000534057617,29.079999923706055,28.479999542236328,28.979999542236328,27.722537994384766,297800,,,,,,,,
2024-01-09,28.68000030517578,29.06999969482422,28.520000457763672,28.670000076293945,27.42598533630371,285400,,,,,,,,
2024-01-10,28.600000381469727,29.149999618530273,28.329999923706055,29.100000381469727,27.83732795715332,364000,,,,,,,,
2024-01-11,29.100000381469727,29.729999542236328,28.729000091552734,29.520000457763672,28.239105224609375,419800,,,,,,,,
2024-01-12,29.989999771118164,30.1200008392334,28.860000610351562,29.059999465942383,27.79906463623047,326100,,,,,,,,
2024-01-16,28.959999084472656,29.209999084472656,28.709999084472656,28.790000915527344,27.540781021118164,372500,,,,,,,,
2024-01-17,28.209999084472656,28.760000228881836,28.010000228881836,28.420000076293945,27.18683433532715,537300,,,,,,,,
2024-01-18,28.719999313354492,28.719999313354492,27.860000610351562,28.440000534057617,27.205970764160156,426400,,,,,,,,
2024-01-19,28.5,28.889999389648438,28.23200035095215,28.799999237060547,27.55034828186035,240800,,,,,,,,
2024-01-22,28.8799991607666,29.6299991607666,28.8799991607666,29.520000457763672,28.239105224609375,517900,,,,,,,,
2024-01-23,29.950000762939453,30.31999969482422,29.492000579833984,29.770000457763672,28.478260040283203,280300,,,,,,,,
2024-01-24,30.190000534057617,30.190000534057617,29.264999389648438,29.40999984741211,28.133878707885742,266300,,,,,,,,
2024-01-25,29.780000686645508,29.950000762939453,29.200000762939453,29.719999313354492,28.4304256439209,297800,,,,,,,,
2024-01-26,29.670000076293945,30.469999313354492,29.530000686645508,29.639999389648438,28.353899002075195,315500,,,,,,,,
2024-01-29,29.549999237060547,29.84000015258789,29.110000610351562,29.739999771118164,28.449560165405273,457600,,,,,,,,
2024-01-30,29.65999984741211,30.700000762939453,29.489999771118164,30.579999923706055,29.253108978271484,414100,,,,,,,,
2024-01-31,30.510000228881836,31.18000030517578,30.170000076293945,30.239999771118164,28.92786407470703,344300,,,,,,,,
2024-02-01,30.469999313354492,30.90999984741211,30.049999237060547,30.809999465942383,29.47313117980957,359700,,,,,,,,
2024-02-02,30.510000228881836,31.329999923706055,30.389999389648438,31.020000457763672,29.67401695251465,318900,,,,,,,,
2024-02-05,30.75,31.139999389648438,30.200000762939453,30.90999984741211,29.56879425048828,286900,,,,,,,,
2024-02-06,30.889999389648438,31.15999984741211,30.639999389648438,31.020000457763672,29.67401695251465,525900,,,,,,,,
2024-02-07,31.170000076293945,31.170000076293945,29.510000228881836,30.100000381469727,28.7939395904541,455500,,,,,,,,
2024-02-08,30.030000686645508,30.299999237060547,29.420000076293945,30.040000915527344,28.736541748046875,658800,,,,,,,,
2024-02-09,30.079999923706055,30.309999465942383,29.700000762939453,30.09000015258789,28.784374237060547,391800,,,,,,,,
2024-02-12,30.25,31.459999084472656,30.25,31.309999465942383,29.951435089111328,239600,,,,,,,,
2024-02-13,30.65999984741211,31.229999542236328,30.094999313354492,30.780000686645508,29.444433212280273,358300,,,,,,,,
2024-02-14,31.149999618530273,31.17300033569336,30.364999771118164,30.950000762939453,29.6070556640625,283000,,,,,,,,
2024-02-15,31.079999923706055,31.959999084472656,31.075000762939453,31.889999389648438,30.506269454956055,498500,,,,,,,,
2024-02-16,31.790000915527344,32.08000183105469,31.520000457763672,31.729999542236328,30.353214263916016,347300,,,,,,,,
2024-02-20,31.610000610351562,31.704999923706055,31.260000228881836,31.459999084472656,30.094926834106445,1204300,,,,,,,,
2024-02-21,31.530000686645508,35.380001068115234,31.4950008392334,34.04999923706055,32.57254409790039,1308300,,,,,,,,
2024-02-22,34.029998779296875,35.279998779296875,33.939998626708984,34.79999923706055,33.28999710083008,1025900,,,,,,,,
2024-02-23,34.630001068115234,35.150001525878906,33.91999816894531,34.9900016784668,33.713958740234375,572900,,,,,,,,
2024-02-26,34.88999938964844,35.275001525878906,34.5,34.77000045776367,33.501976013183594,558800,,,,,,,,
2024-02-27,35.150001525878906,35.40999984741211,33.84000015258789,34.150001525878906,32.90458679199219,539600,,,,,,,,
2024-02-28,33.95000076293945,34.20000076293945,33.5,33.52000045776367,32.29756164550781,845100,,,,,,,,
2024-02-29,34.029998779296875,34.790000915527344,33.724998474121094,34.220001220703125,32.9720344543457,669900,,,,,,,,
2024-03-01,34.369998931884766,35.869998931884766,34.369998931884766,35.349998474121094,34.060829162597656,1086800,,,,,,,,
2024-03-04,35.45000076293945,35.56999969482422,34.47999954223633,34.869998931884766,33.59832763671875,653200,,,,,,,,
2024-03-05,34.619998931884766,35.32500076293945,34.27000045776367,34.279998779296875,33.029850006103516,521000,,,,,,,,
2024-03-06,34.45000076293945,35.119998931884766,34.25,34.97999954223633,33.704322814941406,600600,,,,,,,,
2024-03-07,34.97999954223633,35.900001525878906,33.83000183105469,34.18000030517578,32.93349838256836,931900,,,,,,,,
2024-03-08,34.439998626708984,35.220001220703125,33.90999984741211,34.099998474121094,32.856414794921875,561900,,,,,,,,
2024-03-11,36.04999923706055,36.972999572753906,34.66999816894531,35.900001525878906,34.59076690673828,1047800,,,,,,,,
2024-03-12,36.0,36.91999816894531,35.88999938964844,36.290000915527344,34.966548919677734,877700,,,,,,,,
2024-03-13,36.400001525878906,38.0,36.400001525878906,37.720001220703125,36.34439468383789,1898000,,,,,,,,
2024-03-14,37.400001525878906,37.900001525878906,36.45100021362305,36.83000183105469,35.486854553222656,1040800,,,,,,,,
2024-03-15,36.959999084472656,37.56999969482422,35.84000015258789,36.290000915527344,34.966548919677734,9165100,,,,,,,,
2024-03-18,37.34000015258789,37.61000061035156,36.22999954223633,36.810001373291016,35.46757888793945,998600,,,,,,,,
2024-03-19,36.7599983215332,37.05500030517578,36.279998779296875,36.5,35.16888427734375,459600,,,,,,,,
2024-03-20,36.41999816894531,37.33000183105469,36.279998779296875,37.150001525878906,35.795188903808594,353000,,,,,,,,
2024-03-21,37.150001525878906,38.22999954223633,36.97999954223633,38.209999084472656,36.816524505615234,508100,,,,,,,,
2024-03-22,37.880001068115234,38.099998474121094,37.56999969482422,37.810001373291016,36.431114196777344,311700,,,,,,,,
2024-03-25,37.560001373291016,38.05500030517578,37.41999816894531,37.599998474121094,36.22877502441406,273200,,,,,,,,
2024-03-26,37.70000076293945,38.0,37.46500015258789,37.650001525878906,36.276947021484375,237200,,,,,,,,
2024-03-27,37.81999969482422,38.209999084472656,37.810001373291016,37.869998931884766,36.48892593383789,401900,,,,,,,,
2024-03-28,38.0,38.775001525878906,38.0,38.43000030517578,37.028507232666016,394000,,,,,,,,
2024-04-01,38.619998931884766,39.68000030517578,38.13999938964844,39.56999969482422,38.12692642211914,637400,,,,,,,,
2024-04-02,39.290000915527344,39.54999923706055,38.654998779296875,39.439998626708984,38.00166320800781,534400,,,,,,,,
2024-04-03,39.25,39.667999267578125,39.0099983215332,39.27000045776367,37.837867736816406,288300,,,,,,,,
2024-04-04,39.58000183105469,39.974998474121094,38.029998779296875,38.11000061035156,36.72017288208008,379400,,,,,,,,
2024-04-05,37.97999954223633,38.36000061035156,37.58000183105469,37.70000076293945,36.32512664794922,561000,,,,,,,,
2024-04-08,37.970001220703125,38.54999923706055,37.970001220703125,38.54999923706055,37.14412307739258,464600,,,,,,,,
2024-04-09,38.90999984741211,40.119998931884766,38.88999938964844,40.08000183105469,38.61832809448242,761400,,,,,,,,
2024-04-10,39.33000183105469,40.005001068115234,38.65999984741211,38.7599983215332,37.346466064453125,741100,,,,,,,,
2024-04-11,38.84000015258789,39.02000045776367,37.470001220703125,37.599998474121094,36.22877502441406,555300,,,,,,,,
2024-04-12,37.68000030517578,37.869998931884766,37.0099983215332,37.459999084472656,36.09387969970703,407200,,,,,,,,
2024-04-15,37.560001373291016,37.709999084472656,36.29999923706055,36.43000030517578,35.101444244384766,722800,,,,,,,,
2024-04-16,36.22999954223633,36.970001220703125,36.099998474121094,36.5,35.16888427734375,528300,,,,,,,,
2024-04-17,36.650001525878906,37.0,36.22999954223633,36.439998626708984,35.1110725402832,452900,,,,,,,,
2024-04-18,36.59000015258789,37.91999816894531,36.40999984741211,37.27000045776367,35.910804748535156,553200,,,,,,,,
2024-04-19,37.189998626708984,38.189998626708984,37.150001525878906,37.459999084472656,36.09387969970703,503900,,,,,,,,
2024-04-22,37.38999938964844,38.8849983215332,37.029998779296875,38.689998626708984,37.279022216796875,436600,,,,,,,,
2024-04-23,38.38999938964844,39.40999984741211,38.3849983215332,38.869998931884766,37.452457427978516,502900,,,,,,,,
2024-04-24,38.380001068115234,39.400001525878906,38.380001068115234,38.72999954223633,37.31756591796875,734300,,,,,,,,
2024-04-25,39.31999969482422,39.31999969482422,37.55500030517578,38.31999969482422,36.92251968383789,791100,,,,,,,,
2024-04-26,38.61000061035156,39.13999938964844,38.220001220703125,38.849998474121094,37.43318557739258,436200,,,,,,,,
2024-04-29,38.79999923706055,41.029998779296875,38.625,40.58000183105469,39.10009765625,909500,,,,,,,,
2024-04-30,40.189998626708984,40.849998474121094,38.86000061035156,39.0,37.577720642089844,713200,,,,,,,,
2024-05-01,39.0,41.0099983215332,39.0,40.7400016784668,39.2542610168457,836700,,,,,,,,
2024-05-02,41.0,42.130001068115234,40.959999084472656,41.29999923706055,39.79383850097656,728300,,,,,,,,
2024-05-03,41.900001525878906,42.0,40.630001068115234,41.08000183105469,39.58185577392578,719100,,,,,,,,
2024-05-06,41.31999969482422,42.810001373291016,41.159000396728516,42.310001373291016,40.76700210571289,815300,,,,,,,,
2024-05-07,42.40999984741211,42.869998931884766,42.28799819946289,42.540000915527344,40.988616943359375,535900,,,,,,,,
2024-05-08,42.290000915527344,43.0,42.16899871826172,42.689998626708984,41.133140563964844,671400,,,,,,,,
2024-05-09,42.63999938964844,43.33000183105469,42.63999938964844,42.939998626708984,41.374027252197266,570100,,,,,,,,
2024-05-10,43.20000076293945,43.689998626708984,42.970001220703125,43.68000030517578,42.08704376220703,438800,,,,,,,,
2024-05-13,44.130001068115234,44.43000030517578,43.119998931884766,43.2599983215332,41.6823616027832,595000,,,,,,,,
2024-05-14,43.59000015258789,44.02000045776367,43.06999969482422,43.63999938964844,42.048500061035156,609900,,,,,,,,
2024-05-15,43.77000045776367,44.45000076293945,43.5099983215332,44.16999816894531,42.55916976928711,506600,,,,,,,,
2024-05-16,44.09000015258789,44.65999984741211,43.994998931884766,44.40999984741211,42.79041290283203,693100,,,,,,,,
2024-05-17,44.34000015258789,45.369998931884766,44.23500061035156,44.97999954223633,43.33963394165039,958100,,,,,,,,
2024-05-20,45.0099983215332,46.07600021362305,44.970001220703125,45.119998931884766,43.47452926635742,517300,,,,,,,,
2024-05-21,44.91999816894531,45.279998779296875,44.22999954223633,44.58000183105469,42.954219818115234,588000,,,,,,,,
2024-05-22,44.349998474121094,44.7599983215332,44.310001373291016,44.459999084472656,42.83859634399414,472400,,,,,,,,
2024-05-23,44.349998474121094,44.39699935913086,43.63999938964844,43.93000030517578,42.567283630371094,440700,,,,,,,,
2024-05-24,43.9900016784668,45.3849983215332,43.81999969482422,45.349998474121094,43.94322967529297,575800,,,,,,,,
2024-05-28,45.36000061035156,45.939998626708984,45.005001068115234,45.54999923706055,44.137027740478516,738600,,,,,,,,
2024-05-29,45.040000915527344,45.5,43.755001068115234,44.0099983215332,42.64479446411133,578000,,,,,,,,
2024-05-30,44.27000045776367,45.0,44.20000076293945,44.75,43.36184310913086,787400,,,,,,,,
2024-05-31,44.869998931884766,45.0,44.189998626708984,44.7599983215332,43.37153625488281,696600,,,,,,,,
2024-06-03,46.04999923706055,46.04999923706055,44.80500030517578,45.279998779296875,43.87540054321289,564400,,,,,,,,
2024-06-04,44.70000076293945,44.93000030517578,43.130001068115234,43.40999984741211,42.06340789794922,483500,,,,,,,,
2024-06-05,43.77000045776367,44.01499938964844,43.16999816894531,43.650001525878906,42.29596710205078,436500,,,,,,,,
2024-06-06,43.4900016784668,43.650001525878906,42.529998779296875,42.81999969482422,41.49171447753906,542400,,,,,,,,
2024-06-07,42.45000076293945,43.970001220703125,42.03099822998047,43.65999984741211,42.30565643310547,603800,,,,,,,,
2024-06-10,43.41999816894531,43.79999923706055,42.560001373291016,42.959999084472656,41.62736892700195,650800,,,,,,,,
2024-06-11,42.77000045776367,42.939998626708984,41.619998931884766,42.58000183105469,41.25916290283203,673600,,,,,,,,
2024-06-12,43.209999084472656,43.52000045776367,41.709999084472656,41.91999816894531,40.619632720947266,602500,,,,,,,,
2024-06-13,41.59000015258789,41.86000061035156,40.68000030517578,41.52000045776367,40.2320442199707,601800,,,,,,,,
2024-06-14,40.86000061035156,41.33000183105469,40.529998779296875,40.86000061035156,39.5925178527832,660700,,,,,,,,
2024-06-17,40.4900016784668,41.34000015258789,40.31999969482422,40.619998931884766,39.35995864868164,522400,,,,,,,,
2024-06-18,40.540000915527344,40.97999954223633,40.29999923706055,40.939998626708984,39.67002868652344,435400,,,,,,,,
2024-06-20,40.84000015258789,40.90999984741211,40.119998931884766,40.31999969482422,39.06926345825195,395900,,,,,,,,
2024-06-21,40.36000061035156,40.41999816894531,39.45000076293945,39.79999923706055,38.56539535522461,1483700,,,,,,,,
2024-06-24,39.79999923706055,41.119998931884766,39.560001373291016,40.91999816894531,39.65065002441406,724400,,,,,,,,
2024-06-25,40.90999984741211,40.9900016784668,39.81999969482422,40.2599983215332,39.01112365722656,543200,,,,,,,,
2024-06-26,39.9900016784668,40.29999923706055,39.2400016784668,39.279998779296875,38.061527252197266,642700,,,,,,,,
2024-06-27,39.220001220703125,39.310001373291016,38.56999969482422,38.779998779296875,37.57703399658203,506900,,,,,,,,
2024-06-28,38.869998931884766,39.810001373291016,38.540000915527344,39.36000061035156,38.13904571533203,7294200,,,,,,,,
2024-07-01,39.849998474121094,40.2400016784668,39.43000030517578,39.65999984741211,38.42974090576172,697100,,,,,,,,
2024-07-02,39.68000030517578,40.130001068115234,38.525001525878906,39.08000183105469,37.86772918701172,834000,,,,,,,,
2024-07-03,39.33000183105469,40.540000915527344,39.13999938964844,40.099998474121094,38.8560905456543,422400,,,,,,,,
2024-07-05,39.90999984741211,40.29999923706055,39.53499984741211,39.689998626708984,38.458805084228516,646700,,,,,,,,
2024-07-08,40.04999923706055,40.43000030517578,39.724998474121094,39.869998931884766,38.63322067260742,427400,,,,,,,,
2024-07-09,39.77000045776367,40.994998931884766,39.20000076293945,40.5,39.243682861328125,615100,,,,,,,,
2024-07-10,41.33000183105469,41.470001220703125,40.540000915527344,40.83000183105469,39.563446044921875,620000,,,,,,,,
2024-07-11,41.56999969482422,42.25,41.220001220703125,42.09000015258789,40.78436279296875,667100,,,,,,,,
2024-07-12,42.34000015258789,42.97999954223633,42.119998931884766,42.25,40.93939208984375,623100,,,,,,,,
2024-07-15,42.650001525878906,43.417999267578125,42.369998931884766,43.20000076293945,41.85993576049805,579100,,,,,,,,
2024-07-16,43.41999816894531,46.2599983215332,43.41999816894531,46.2599983215332,44.82500076293945,931200,,,,,,,,
2024-07-17,45.849998474121094,46.595001220703125,45.45500183105469,46.470001220703125,45.02849197387695,713200,,,,,,,,
2024-07-18,46.22999954223633,47.5099983215332,45.52000045776367,46.22999954223633,44.79593276977539,570600,,,,,,,,
2024-07-19,45.70000076293945,46.66999816894531,44.560001373291016,44.869998931884766,43.478126525878906,745900,,,,,,,,
2024-07-22,45.16999816894531,45.16999816894531,44.0099983215332,44.540000915527344,43.15836715698242,517100,,,,,,,,
2024-07-23,44.11000061035156,44.2599983215332,42.56999969482422,43.220001220703125,41.87930679321289,637800,,,,,,,,
2024-07-24,43.25,44.63999938964844,43.040000915527344,43.810001373291016,42.45100402832031,764100,,,,,,,,
2024-07-25,43.810001373291016,44.27000045776367,41.91999816894531,43.08000183105469,41.743648529052734,813100,,,,,,,,
2024-07-26,44.619998931884766,44.654998779296875,43.779998779296875,44.400001525878906,43.022705078125,655900,,,,,,,,
2024-07-29,44.650001525878906,44.86000061035156,42.29999923706055,42.790000915527344,41.462646484375,1026300,,,,,,,,
2024-07-30,38.77000045776367,42.13999938964844,38.77000045776367,41.86000061035156,40.56149673461914,1591000,,,,,,,,
2024-07-31,42.33000183105469,45.400001525878906,42.26499938964844,44.70000076293945,43.31340026855469,1007100,,,,,,,,
2024-08-01,44.150001525878906,44.70000076293945,43.11000061035156,43.790000915527344,42.43162536621094,720400,,,,,,,,
2024-08-02,44.54999923706055,45.0,40.882999420166016,42.38999938964844,41.075050354003906,974900,,,,,,,,
2024-08-05,40.22999954223633,41.720001220703125,39.665000915527344,40.959999084472656,39.689414978027344,752100,,,,,,,,
2024-08-06,40.790000915527344,43.810001373291016,40.790000915527344,43.029998779296875,41.6952018737793,696900,,,,,,,,
2024-08-07,43.91999816894531,43.91999816894531,41.9109992980957,42.540000915527344,41.220401763916016,583700,,,,,,,,
2024-08-08,42.959999084472656,44.38999938964844,42.52000045776367,43.72999954223633,42.37348556518555,498000,,,,,,,,
2024-08-09,43.470001220703125,44.34000015258789,42.94499969482422,42.970001220703125,41.637062072753906,567700,,,,,,,,
2024-08-12,43.02000045776367,43.630001068115234,42.45500183105469,43.040000915527344,41.704891204833984,491600,,,,,,,,
2024-08-13,43.16999816894531,44.25,43.06999969482422,43.27000045776367,41.92776107788086,432000,,,,,,,,
2024-08-14,43.29999923706055,44.5099983215332,42.8650016784668,44.310001373291016,42.935489654541016,652700,,,,,,,,
2024-08-15,45.349998474121094,45.5099983215332,44.2400016784668,44.880001068115234,43.487815856933594,549300,,,,,,,,
2024-08-16,44.90999984741211,46.04999923706055,44.84000015258789,45.4900016784668,44.07889175415039,500400,,,,,,,,
2024-08-19,45.83000183105469,46.709999084472656,45.7599983215332,46.47999954223633,45.038177490234375,474200,,,,,,,,
2024-08-20,46.369998931884766,46.91999816894531,45.91999816894531,45.939998626708984,44.514930725097656,419400,,,,,,,,
2024-08-21,46.31999969482422,48.209999084472656,45.75,47.369998931884766,45.90057373046875,567700,,,,,,,,
2024-08-22,47.369998931884766,47.45500183105469,46.40999984741211,46.779998779296875,45.3288688659668,362900,,,,,,,,
2024-08-23,46.72999954223633,48.599998474121094,46.361000061035156,48.310001373291016,47.06292724609375,490200,,,,,,,,
2024-08-26,48.599998474121094,49.310001373291016,48.27000045776367,48.86000061035156,47.59872817993164,347500,,,,,,,,
2024-08-27,48.540000915527344,48.70000076293945,47.630001068115234,48.400001525878906,47.150604248046875,425000,,,,,,,,
2024-08-28,48.119998931884766,48.560001373291016,47.36000061035156,47.59000015258789,46.36151123046875,372700,,,,,,,,
2024-08-29,47.77000045776367,48.7400016784668,47.5099983215332,47.880001068115234,46.64402389526367,569400,,,,,,,,
2024-08-30,48.11000061035156,48.15999984741211,47.220001220703125,47.959999084472656,46.72195816040039,597400,,,,,,,,
2024-09-03,46.959999084472656,47.099998474121094,45.650001525878906,46.38999938964844,45.19248962402344,557900,,,,,,,,
2024-09-04,47.0,47.93000030517578,46.119998931884766,47.72999954223633,46.497901916503906,632100,,,,,,,,
2024-09-05,47.970001220703125,47.970001220703125,46.04499816894531,47.290000915527344,46.069252014160156,449100,,,,,,,,
2024-09-06,47.47999954223633,48.0,46.060001373291016,46.189998626708984,44.997650146484375,559300,,,,,,,,
2024-09-09,46.349998474121094,46.56999969482422,45.71500015258789,46.2599983215332,45.06583786010742,344600,,,,,,,,
2024-09-10,46.2599983215332,46.40999984741211,44.45000076293945,45.38999938964844,44.21830368041992,421300,,,,,,,,
2024-09-11,45.06999969482422,45.59000015258789,43.86000061035156,45.470001220703125,44.296241760253906,465700,,,,,,,,
2024-09-12,45.59000015258789,46.375,44.95000076293945,45.27000045776367,44.10139846801758,345000,,,,,,,,
2024-09-13,45.810001373291016,46.345001220703125,45.529998779296875,45.869998931884766,44.685916900634766,421800,,,,,,,,
2024-09-16,46.0,46.41999816894531,44.45000076293945,45.779998779296875,44.59823226928711,716400,,,,,,,,
2024-09-17,46.290000915527344,48.439998626708984,46.25,48.060001373291016,46.81938171386719,692400,,,,,,,,
2024-09-18,48.189998626708984,49.314998626708984,47.36000061035156,47.810001373291016,46.57583236694336,664200,,,,,,,,
2024-09-19,49.349998474121094,50.33000183105469,48.77000045776367,49.560001373291016,48.28065490722656,698100,,,,,,,,
2024-09-20,48.36000061035156,52.19499969482422,48.36000061035156,50.029998779296875,48.738521575927734,3606000,,,,,,,,
2024-09-23,49.959999084472656,50.959999084472656,49.63999938964844,49.88999938964844,48.60213851928711,872100,,,,,,,,
2024-09-24,50.68000030517578,51.47999954223633,50.38999938964844,50.70000076293945,49.391231536865234,696200,,,,,,,,
2024-09-25,49.81999969482422,49.81999969482422,46.58000183105469,46.65999984741211,45.45551681518555,1035300,,,,,,,,
2024-09-26,47.619998931884766,47.73500061035156,46.55500030517578,46.84000015258789,45.63087463378906,749600,,,,,,,,
2024-09-27,47.560001373291016,47.95000076293945,46.66999816894531,46.9900016784668,45.77699661254883,491500,,,,,,,,
2024-09-30,46.08000183105469,46.54999923706055,45.369998931884766,46.029998779296875,44.84177780151367,528400,,,,,,,,
2024-10-01,46.0,46.09000015258789,45.13999938964844,45.560001373291016,44.383914947509766,333500,,,,,,,,
2024-10-02,45.5,46.279998779296875,45.362998962402344,46.15999984741211,44.968421936035156,349500,,,,,,,,
2024-10-03,45.25,45.970001220703125,44.84000015258789,45.439998626708984,44.26700973510742,264800,,,,,,,,
2024-10-04,45.869998931884766,46.36000061035156,45.29999923706055,45.439998626708984,44.26700973510742,304000,,,,,,,,
2024-10-07,45.2400016784668,45.2400016784668,44.150001525878906,44.5099983215332,43.36101150512695,386700,,,,,,,,
2024-10-08,45.029998779296875,45.15999984741211,44.22999954223633,44.540000915527344,43.39025115966797,337700,,,,,,,,
2024-10-09,44.41999816894531,45.18000030517578,44.15999984741211,44.939998626708984,43.77991485595703,254500,,,,,,,,
2024-10-10,44.54999923706055,44.8650016784668,44.11000061035156,44.79999923706055,43.643531799316406,210000,,,,,,,,
2024-10-11,44.56999969482422,45.810001373291016,44.40999984741211,45.59000015258789,44.41313934326172,331200,,,,,,,,
2024-10-14,45.5,45.900001525878906,45.11000061035156,45.70000076293945,44.520301818847656,287600,,,,,,,,
2024-10-15,45.4900016784668,46.025001525878906,45.06999969482422,45.08000183105469,43.91630554199219,310600,,,,,,,,
2024-10-16,45.619998931884766,46.279998779296875,45.13999938964844,46.11000061035156,44.91971969604492,523100,,,,,,,,
2024-10-17,46.06999969482422,46.06999969482422,45.31999969482422,45.7599983215332,44.5787467956543,223400,,,,,,,,
2024-10-18,46.20000076293945,46.20000076293945,45.630001068115234,45.7599983215332,44.5787467956543,348100,,,,,,,,
2024-10-21,45.849998474121094,45.9900016784668,44.900001525878906,45.0,43.8383674621582,218600,,,,,,,,
2024-10-22,45.11000061035156,45.67499923706055,44.83000183105469,45.56999969482422,44.393653869628906,277100,,,,,,,,
2024-10-23,44.91999816894531,45.34000015258789,44.5,45.02000045776367,43.857852935791016,241000,,,,,,,,
2024-10-24,45.529998779296875,45.61000061035156,44.33000183105469,44.779998779296875,43.62405014038086,395400,,,,,,,,
2024-10-25,45.209999084472656,45.630001068115234,44.4900016784668,44.689998626708984,43.53636932373047,271900,,,,,,,,
2024-10-28,45.08000183105469,46.0,45.0,45.88999938964844,44.70539474487305,246100,,,,,,,,
2024-10-29,45.310001373291016,45.790000915527344,44.84000015258789,45.5,44.32546615600586,302100,,,,,,,,
2024-10-30,45.439998626708984,45.84000015258789,44.4900016784668,44.5,43.351280212402344,569800,,,,,,,,
2024-10-31,46.25,46.849998474121094,44.470001220703125,46.58000183105469,45.37757873535156,984700,,,,,,,,
2024-11-01,47.5,48.11000061035156,44.9900016784668,45.900001525878906,44.71513748168945,525500,,,,,,,,
2024-11-04,45.900001525878906,46.0,44.54999923706055,45.459999084472656,44.2864990234375,473700,,,,,,,,
2024-11-05,45.45000076293945,46.70000076293945,45.45000076293945,46.68000030517578,45.474998474121094,288600,,,,,,,,
2024-11-06,49.130001068115234,51.439998626708984,48.95199966430664,51.31999969482422,49.99522399902344,614800,,,,,,,,
2024-11-07,51.36000061035156,52.810001373291016,50.665000915527344,50.93000030517578,49.615291595458984,451300,,,,,,,,
2024-11-08,50.720001220703125,52.20000076293945,50.65999984741211,52.06999969482422,50.72586441040039,404800,,,,,,,,
2024-11-11,52.95000076293945,53.720001220703125,52.099998474121094,52.869998931884766,51.50521469116211,374200,,,,,,,,
2024-11-12,52.13999938964844,52.7599983215332,51.5099983215332,52.599998474121094,51.242183685302734,426600,,,,,,,,
2024-11-13,53.150001525878906,53.494998931884766,51.900001525878906,52.290000915527344,50.940185546875,354200,,,,,,,,
2024-11-14,52.31999969482422,53.040000915527344,51.71699905395508,52.099998474121094,50.755088806152344,309400,,,,,,,,
2024-11-15,52.470001220703125,53.36000061035156,52.2599983215332,52.369998931884766,51.01811981201172,414100,,,,,,,,
2024-11-18,52.63999938964844,53.505001068115234,52.41999816894531,53.099998474121094,51.72927474975586,448700,,,,,,,,
2024-11-19,52.2400016784668,53.099998474121094,51.95000076293945,52.11000061035156,50.76483154296875,447000,,,,,,,,
2024-11-20,51.709999084472656,52.84000015258789,51.060001373291016,52.7400016784668,51.378570556640625,437800,,,,,,,,
2024-11-21,52.88999938964844,54.54999923706055,52.88999938964844,54.189998626708984,52.7911376953125,534500,,,,,,,,
2024-11-22,54.2599983215332,55.540000915527344,53.97700119018555,55.060001373291016,53.63867950439453,455000,,,,,,,,
2024-11-25,55.2400016784668,57.22999954223633,54.939998626708984,56.369998931884766,55.165340423583984,797800,,,,,,,,
2024-11-26,56.0,56.220001220703125,55.290000915527344,55.630001068115234,54.441158294677734,295300,,,,,,,,
2024-11-27,55.84000015258789,56.4900016784668,54.90999984741211,55.25,54.06927490234375,291100,,,,,,,,
2024-11-29,55.66999816894531,56.54999923706055,55.60499954223633,56.08000183105469,54.88154220581055,201400,,,,,,,,
2024-12-02,56.439998626708984,57.029998779296875,55.96500015258789,56.29999923706055,55.09683609008789,576100,,,,,,,,
2024-12-03,56.41999816894531,56.665000915527344,55.150001525878906,55.290000915527344,54.108421325683594,394900,,,,,,,,
2024-12-04,55.310001373291016,55.79999923706055,53.88999938964844,54.25,53.09064483642578,433300,,,,,,,,
2024-12-05,54.040000915527344,54.33100128173828,52.41999816894531,53.18000030517578,52.043514251708984,437400,,,,,,,,
2024-12-06,53.880001068115234,53.880001068115234,52.59000015258789,53.40999984741211,52.26860046386719,376900,,,,,,,,
2024-12-09,53.4900016784668,53.869998931884766,52.560001373291016,53.04999923706055,51.91629409790039,393300,,,,,,,,
2024-12-10,53.0,54.380001068115234,52.52000045776367,53.689998626708984,52.54261779785156,351100,,,,,,,,
2024-12-11,54.400001525878906,54.400001525878906,52.9900016784668,53.56999969482422,52.4251823425293,374200,,,,,,,,
2024-12-12,53.4900016784668,53.83000183105469,53.0,53.31999969482422,52.18052291870117,462300,,,,,,,,
2024-12-13,53.130001068115234,53.650001525878906,52.0,52.66999816894531,51.54441452026367,587400,,,,,,,,
2024-12-16,52.43000030517578,52.790000915527344,50.86000061035156,51.900001525878906,50.79087448120117,848600,,,,,,,,
2024-12-17,51.59000015258789,51.95000076293945,50.70000076293945,50.93000030517578,49.84159469604492,583100,,,,,,,,
2024-12-18,51.16999816894531,51.970001220703125,48.16999816894531,48.20000076293945,47.169944763183594,709500,,,,,,,,
2024-12-19,49.04999923706055,49.66999816894531,47.119998931884766,47.5099983215332,46.49468231201172,741300,,,,,,,,
2024-12-20,46.88999938964844,47.849998474121094,46.191001892089844,47.099998474121094,46.093448638916016,4071300,,,,,,,,
2024-12-23,47.0,47.97999954223633,46.375,47.630001068115234,46.61212158203125,517900,,,,,,,,
2024-12-24,47.84000015258789,48.290000915527344,47.25,48.029998779296875,47.00357437133789,201800,,,,,,,,
2024-12-26,47.7400016784668,48.97999954223633,47.61000061035156,48.65999984741211,47.62010955810547,252500,,,,,,,,
2024-12-27,48.13999938964844,48.72999954223633,47.779998779296875,48.22999954223633,47.19929885864258,243100,,,,,,,,
2024-12-30,47.7599983215332,47.845001220703125,46.75,47.47999954223633,46.46532440185547,218800,,,,,,,,
2024-12-31,47.790000915527344,48.85499954223633,47.630001068115234,48.16999816894531,47.14057922363281,365300,,,,,,,,
2025-01-02,48.470001220703125,49.400001525878906,48.25,48.29999923706055,47.26780319213867,376700,,,,,,,,
2025-01-03,48.90999984741211,49.11000061035156,48.23500061035156,48.349998474121094,47.316734313964844,452100,,,,,,,,
2025-01-06,48.790000915527344,49.404998779296875,47.55500030517578,47.63999938964844,46.62190628051758,531600,,,,,,,,
2025-01-07,47.790000915527344,48.09000015258789,46.75,47.13999938964844,46.132591247558594,380900,,,,,,,,
2025-01-08,46.75,48.0099983215332,46.4900016784668,47.83000183105469,46.8078498840332,319400,,,,,,,,
2025-01-10,47.02000045776367,47.869998931884766,46.959999084472656,47.290000915527344,46.279388427734375,351900,,,,,,,,
2025-01-13,46.83000183105469,48.59000015258789,46.7400016784668,48.36000061035156,47.32652282714844,338400,,,,,,,,
2025-01-14,48.619998931884766,49.97999954223633,48.619998931884766,49.849998474121094,48.7846794128418,429700,,,,,,,,
2025-01-15,51.33000183105469,52.41999816894531,51.0,51.97999954223633,50.86915969848633,405700,,,,,,,,
2025-01-16,51.619998931884766,51.959999084472656,51.064998626708984,51.22999954223633,50.135189056396484,350500,,,,,,,,
2025-01-17,51.779998779296875,52.439998626708984,51.34000015258789,51.40999984741211,50.311336517333984,319800,,,,,,,,
2025-01-21,51.810001373291016,52.03499984741211,50.29999923706055,50.84000015258789,49.75352096557617,412600,,,,,,,,
2025-01-22,51.16999816894531,51.93000030517578,50.84000015258789,50.97999954223633,49.89052963256836,429800,,,,,,,,
2025-01-23,50.75,51.459999084472656,49.880001068115234,50.310001373291016,49.23484802246094,463100,,,,,,,,
2025-01-24,50.380001068115234,51.2400016784668,50.02000045776367,50.70000076293945,49.616512298583984,358700,,,,,,,,
2025-01-27,50.7599983215332,51.18000030517578,49.970001220703125,50.15999984741211,49.08805465698242,376700,,,,,,,,
2025-01-28,50.2400016784668,50.80500030517578,49.65999984741211,50.27000045776367,49.195701599121094,279100,,,,,,,,
2025-01-29,50.20000076293945,50.529998779296875,49.619998931884766,49.970001220703125,48.90211486816406,218200,,,,,,,,
2025-01-30,50.900001525878906,51.93000030517578,50.540000915527344,51.61000061035156,50.50706481933594,310500,,,,,,,,
2025-01-31,51.18000030517578,51.689998626708984,50.16999816894531,50.88999938964844,49.80245590209961,372400,,,,,,,,
2025-02-03,49.20000076293945,50.25,48.06999969482422,48.97999954223633,47.93327331542969,541000,,,,,,,,
2025-02-04,48.540000915527344,50.310001373291016,48.513999938964844,50.119998931884766,49.04890823364258,312700,,,,,,,,
2025-02-05,50.38999938964844,51.72999954223633,49.790000915527344,51.45000076293945,50.35049057006836,386500,,,,,,,,
2025-02-06,51.619998931884766,52.5,49.529998779296875,50.36000061035156,49.283782958984375,585200,,,,,,,,
2025-02-07,50.709999084472656,50.83000183105469,49.349998474121094,49.93000030517578,48.86296844482422,326100,,,,,,,,
2025-02-10,49.9900016784668,50.20000076293945,48.900001525878906,49.290000915527344,48.23664855957031,410400,,,,,,,,
2025-02-11,48.75,50.13999938964844,48.595001220703125,49.529998779296875,48.47151565551758,348700,,,,,,,,
2025-02-12,49.2599983215332,49.45000076293945,48.470001220703125,49.02000045776367,47.972415924072266,648100,,,,,,,,
2025-02-13,51.150001525878906,53.55500030517578,48.63999938964844,49.20000076293945,48.1485710144043,833700,,,,,,,,
2025-02-14,49.16999816894531,51.9900016784668,48.939998626708984,51.7400016784668,50.6342887878418,653300,,,,,,,,
2025-02-18,51.86000061035156,53.4900016784668,51.11000061035156,53.099998474121094,51.9652214050293,984100,,,,,,,,
2025-02-19,52.02000045776367,54.5099983215332,51.970001220703125,53.29999923706055,52.16094970703125,735300,,,,,,,,
2025-02-20,53.31999969482422,53.709999084472656,52.40999984741211,53.13999938964844,52.00436782836914,365700,,,,,,,,
2025-02-21,53.43000030517578,53.68000030517578,50.439998626708984,50.65999984741211,49.577369689941406,445900,,,,,,,,
2025-02-24,50.90999984741211,51.540000915527344,50.529998779296875,50.709999084472656,49.62629699707031,404500,,,,,,,,
2025-02-25,50.900001525878906,51.27000045776367,49.66999816894531,49.970001220703125,48.90211486816406,491800,,,,,,,,
2025-02-26,50.29999923706055,51.4900016784668,49.63999938964844,50.130001068115234,49.05870056152344,460700,,,,,,,,
2025-02-27,49.93000030517578,50.720001220703125,49.17499923706055,49.29999923706055,48.246429443359375,346300,,,,,,,,
2025-02-28,48.959999084472656,49.91999816894531,48.5,49.310001373291016,48.5219612121582,663900,,,,,,,,
2025-03-03,49.40999984741211,49.849998474121094,46.900001525878906,47.31999969482422,46.563758850097656,576500,,,,,,,,
2025-03-04,46.34000015258789,46.46900177001953,45.040000915527344,45.52000045776367,44.79252624511719,580800,,,,,,,,
2025-03-05,45.81999969482422,46.84000015258789,45.52000045776367,46.20000076293945,45.4616584777832,519100,,,,,,,,
2025-03-06,45.58000183105469,45.83000183105469,43.630001068115234,44.02000045776367,43.316497802734375,898200,,,,,,,,
2025-03-07,43.86000061035156,45.459999084472656,43.09000015258789,43.18000030517578,42.48992156982422,1577600,,,,,,,,
2025-03-10,42.619998931884766,43.439998626708984,40.369998931884766,40.90999984741211,40.25619888305664,1805100,,,,,,,,
2025-03-11,41.029998779296875,43.20000076293945,40.85499954223633,42.279998779296875,41.60430145263672,1091200,,,,,,,,
2025-03-12,43.02000045776367,43.810001373291016,41.66999816894531,42.15999984741211,41.48622512817383,500200,,,,,,,,
2025-03-13,42.119998931884766,42.369998931884766,40.36000061035156,40.70000076293945,40.049556732177734,786500,,,,,,,,
2025-03-14,41.33000183105469,43.0099983215332,41.0,42.880001068115234,42.19471740722656,671400,,,,,,,,
2025-03-17,42.45000076293945,42.68000030517578,41.45000076293945,42.58000183105469,41.89951705932617,906800,,,,,,,,
2025-03-18,42.86000061035156,43.81999969482422,42.42399978637695,43.130001068115234,42.44072341918945,532200,,,,,,,,
2025-03-19,43.060001373291016,44.290000915527344,42.959999084472656,44.099998474121094,43.39521789550781,541900,,,,,,,,
2025-03-20,43.439998626708984,44.709999084472656,43.439998626708984,44.16999816894531,43.4640998840332,556900,,,,,,,,
2025-03-21,43.529998779296875,44.880001068115234,43.2599983215332,44.5099983215332,43.79866409301758,3242400,,,,,,,,
2025-03-24,45.40999984741211,46.209999084472656,44.915000915527344,45.189998626708984,44.467796325683594,443200,,,,,,,,
2025-03-25,44.779998779296875,45.88999938964844,44.779998779296875,45.41999816894531,44.694122314453125,436000,,,,,,,,
2025-03-26,45.5,46.349998474121094,45.5,45.77000045776367,45.03853225708008,434000,,,,,,,,
2025-03-27,45.43000030517578,45.439998626708984,43.94499969482422,44.2599983215332,43.55266189575195,540700,,,,,,,,
2025-03-28,44.5,44.939998626708984,42.970001220703125,43.099998474121094,42.41120147705078,331000,,,,,,,,
2025-03-31,42.31999969482422,42.93000030517578,41.560001373291016,42.43000030517578,41.75190734863281,493000,,,,,,,,
2025-04-01,42.290000915527344,43.35499954223633,42.17499923706055,42.91999816894531,42.234073638916016,366000,,,,,,,,
2025-04-02,42.27000045776367,44.02000045776367,42.27000045776367,43.939998626708984,43.23777770996094,365800,,,,,,,,
2025-04-03,40.880001068115234,42.5099983215332,39.689998626708984,39.689998626708984,39.055694580078125,657400,,,,,,,,
2025-04-04,37.81999969482422,38.56999969482422,36.25299835205078,38.02000045776367,37.41238784790039,592500,,,,,,,,
2025-04-07,36.91999816894531,40.36000061035156,36.59000015258789,38.47999954223633,37.86503219604492,791700,,,,,,,,
2025-04-08,39.63999938964844,40.2599983215332,36.95000076293945,37.63999938964844,37.03845977783203,634300,,,,,,,,
2025-04-09,37.470001220703125,42.665000915527344,37.32500076293945,40.880001068115234,40.226680755615234,932900,,,,,,,,
2025-04-10,39.900001525878906,39.900001525878906,37.20000076293945,38.0,37.39270782470703,499900,,,,,,,,
2025-04-11,37.79999923706055,38.79999923706055,37.029998779296875,38.470001220703125,37.855194091796875,576600,,,,,,,,
2025-04-14,39.25,39.25,37.380001068115234,38.65999984741211,38.04216003417969,434400,,,,,,,,
2025-04-15,38.70000076293945,39.720001220703125,38.35499954223633,39.459999084472656,38.82937240600586,520500,,,,,,,,
2025-04-16,38.9900016784668,41.16999816894531,38.9900016784668,40.869998931884766,40.216835021972656,847400,,,,,,,,
2025-04-17,40.84000015258789,41.900001525878906,40.57500076293945,41.20000076293945,40.54156494140625,498700,,,,,,,,
2025-04-21,40.7400016784668,40.970001220703125,40.0099983215332,40.66999816894531,40.02003860473633,325100,,,,,,,,
2025-04-22,41.4900016784668,42.060001373291016,40.709999084472656,41.93000030517578,41.2598991394043,348900,,,,,,,,
2025-04-23,43.290000915527344,44.029998779296875,42.33000183105469,42.68000030517578,41.9979133605957,584100,,,,,,,,
2025-04-24,43.09000015258789,44.15999984741211,42.86000061035156,44.0099983215332,43.30665588378906,410300,,,,,,,,
2025-04-25,39.4900016784668,42.310001373291016,38.439998626708984,40.810001373291016,40.157798767089844,873200,,,,,,,,
2025-04-28,40.97999954223633,41.939998626708984,40.35499954223633,40.810001373291016,40.157798767089844,406400,,,,,,,,
2025-04-29,40.40999984741211,41.40999984741211,40.11000061035156,40.970001220703125,40.315242767333984,372900,,,,,,,,
2025-04-30,39.86000061035156,40.25199890136719,38.779998779296875,40.150001525878906,39.50835037231445,526800,,,,,,,,
2025-05-01,40.09000015258789,41.13999938964844,39.290000915527344,40.43000030517578,39.783870697021484,339800,,,,,,,,
2025-05-02,42.619998931884766,42.970001220703125,41.630001068115234,41.900001525878906,41.230384826660156,721500,,,,,,,,
2025-05-05,40.93000030517578,42.43000030517578,40.93000030517578,41.939998626708984,41.269737243652344,321700,,,,,,,,
2025-05-06,41.43000030517578,42.66999816894531,41.08000183105469,41.380001068115234,40.718692779541016,380500,,,,,,,,
2025-05-07,41.77000045776367,41.81999969482422,40.36000061035156,40.90999984741211,40.25619888305664,468900,,,,,,,,
2025-05-08,41.47999954223633,42.564998626708984,40.880001068115234,41.95000076293945,41.279579162597656,364500,,,,,,,,
2025-05-09,41.779998779296875,42.915000915527344,41.40999984741211,41.720001220703125,41.05325698852539,413600,,,,,,,,
2025-05-12,44.20000076293945,44.65999984741211,43.2599983215332,43.41999816894531,42.7260856628418,529400,,,,,,,,
2025-05-13,43.779998779296875,45.040000915527344,43.61000061035156,44.79999923706055,44.08403396606445,365900,,,,,,,,
2025-05-14,44.560001373291016,44.9900016784668,43.83000183105469,44.31999969482422,43.61170196533203,449100,,,,,,,,
2025-05-15,45.13999938964844,45.13999938964844,43.9739990234375,44.41999816894531,43.710105895996094,274200,,,,,,,,
2025-05-16,44.529998779296875,44.65999984741211,43.849998474121094,44.20000076293945,43.493621826171875,309000,,,,,,,,
2025-05-19,43.5,44.2400016784668,43.25299835205078,44.119998931884766,43.41489791870117,364100,,,,,,,,
2025-05-20,43.7400016784668,44.459999084472656,43.709999084472656,44.0,43.29682159423828,415400,,,,,,,,
2025-05-21,43.13999938964844,43.72200012207031,42.400001525878906,42.439998626708984,41.761749267578125,411400,,,,,,,,
2025-05-22,42.2599983215332,43.13999938964844,42.20000076293945,42.849998474121094,42.165191650390625,390100,,,,,,,,
2025-05-23,41.83000183105469,42.970001220703125,41.83000183105469,42.83000183105469,42.1455192565918,373000,,,,,,,,
2025-05-27,43.630001068115234,44.79999923706055,42.994998931884766,44.18000030517578,43.473941802978516,680500,,,,,,,,
2025-05-28,44.2599983215332,44.40999984741211,43.72999954223633,43.88999938964844,43.18857192993164,352100,,,,,,,,
2025-05-29,44.25,44.25,43.303001403808594,43.7599983215332,43.06065368652344,435600,,,,,,,,
2025-05-30,43.2400016784668,44.0,43.18000030517578,43.400001525878906,42.70640563964844,630700,,,,,,,,
2025-06-02,43.099998474121094,43.279998779296875,42.474998474121094,42.599998474121094,42.181610107421875,379600,,,,,,,,
2025-06-03,42.439998626708984,43.21500015258789,42.439998626708984,42.97999954223633,42.55787658691406,350600,,,,,,,,
2025-06-04,42.939998626708984,43.04999923706055,41.4900016784668,41.54999923706055,41.14192199707031,577900,,,,,,,,
2025-06-05,41.560001373291016,42.4900016784668,41.279998779296875,42.47999954223633,42.06278991699219,638300,,,,,,,,
2025-06-06,43.189998626708984,43.400001525878906,42.61000061035156,42.72999954223633,42.310333251953125,350800,,,,,,,,
2025-06-09,42.880001068115234,43.93000030517578,42.83000183105469,43.380001068115234,42.953948974609375,396000,,,,,,,,
2025-06-10,43.88999938964844,44.65999984741211,43.599998474121094,44.04999923706055,43.61737060546875,361300,,,,,,,,
2025-06-11,44.09000015258789,44.79999923706055,43.470001220703125,44.08000183105469,43.64707565307617,462400,,,,,,,,
2025-06-12,43.540000915527344,44.05699920654297,43.150001525878906,43.790000915527344,43.35992431640625,263400,,,,,,,,
2025-06-13,42.81999969482422,42.970001220703125,41.97999954223633,42.06999969482422,41.65681457519531,462100,,,,,,,,
2025-06-16,42.540000915527344,42.94499969482422,41.619998931884766,42.79999923706055,42.37964630126953,574300,,,,,,,,
2025-06-17,42.529998779296875,43.470001220703125,41.970001220703125,42.150001525878906,41.73603057861328,611100,,,,,,,,
2025-06-18,42.13999938964844,42.952999114990234,42.095001220703125,42.619998931884766,42.201416015625,516500,,,,,,,,
2025-06-20,43.02000045776367,43.380001068115234,41.94499969482422,42.56999969482422,42.15190505981445,1390400,,,,,,,,
2025-06-23,42.5099983215332,42.75,41.59000015258789,42.66999816894531,42.25092315673828,453100,,,,,,,,
2025-06-24,43.11000061035156,43.400001525878906,42.7400016784668,43.0099983215332,42.587581634521484,334400,,,,,,,,
2025-06-25,42.959999084472656,43.7599983215332,42.68000030517578,43.56999969482422,43.142086029052734,342200,,,,,,,,
2025-06-26,43.790000915527344,44.69499969482422,43.59000015258789,44.560001373291016,44.12236022949219,231100,,,,,,,,
2025-06-27,44.9900016784668,45.125,44.400001525878906,44.63999938964844,44.20157241821289,784000,,,,,,,,
2025-06-30,44.70000076293945,44.93000030517578,44.27399826049805,44.4900016784668,44.05305099487305,281100,,,,,,,,
2025-07-01,44.45000076293945,47.540000915527344,44.2599983215332,46.970001220703125,46.508689880371094,575900,,,,,,,,
2025-07-02,47.31999969482422,47.849998474121094,46.43000030517578,47.83000183105469,47.36024475097656,433400,,,,,,,,
2025-07-03,47.849998474121094,48.16999816894531,47.224998474121094,47.349998474121094,46.88495635986328,179000,,,,,,,,
2025-07-07,46.83000183105469,47.77000045776367,46.70000076293945,47.08000183105469,46.61761474609375,464100,,,,,,,,
2025-07-08,47.150001525878906,47.38800048828125,46.97999954223633,47.119998931884766,46.65721893310547,302500,,,,,,,,
2025-07-09,47.290000915527344,47.92499923706055,47.02000045776367,47.91999816894531,47.44935989379883,339800,,,,,,,,
2025-07-10,47.56999969482422,48.689998626708984,47.56999969482422,48.41999816894531,47.94445037841797,314000,,,,,,,,
2025-07-11,48.220001220703125,48.665000915527344,47.90999984741211,48.2599983215332,47.7860221862793,284300,,,,,,,,
2025-07-14,48.61000061035156,49.097999572753906,48.099998474121094,48.95000076293945,48.46924591064453,381200,,,,,,,,
2025-07-15,49.119998931884766,49.22999954223633,47.88999938964844,47.959999084472656,47.48896789550781,501600,,,,,,,,
2025-07-16,48.27000045776367,48.7599983215332,47.18299865722656,48.52000045776367,48.04347229003906,486200,,,,,,,,
2025-07-17,48.220001220703125,48.92499923706055,48.220001220703125,48.36000061035156,47.885040283203125,315000,,,,,,,,
2025-07-18,48.779998779296875,48.790000915527344,48.0099983215332,48.290000915527344,47.81572723388672,434200,,,,,,,,
2025-07-21,48.599998474121094,48.709999084472656,48.06999969482422,48.119998931884766,47.647396087646484,308500,,,,,,,,
2025-07-22,47.95000076293945,48.66999816894531,46.779998779296875,47.77000045776367,47.30083465576172,469500,,,,,,,,
2025-07-23,48.22999954223633,48.970001220703125,47.83000183105469,48.93000030517578,48.44944381713867,684100,,,,,,,,
2025-07-24,50.209999084472656,51.970001220703125,48.52000045776367,49.900001525878906,49.409915924072266,837300,,,,,,,,
2025-07-25,50.36000061035156,52.54999923706055,49.79999923706055,52.36000061035156,51.84575653076172,646100,,,,,,,,
2025-07-28,52.400001525878906,54.29999923706055,52.01499938964844,53.849998474121094,53.32111740112305,652200,,,,,,,,
2025-07-29,54.58000183105469,54.58000183105469,53.435001373291016,53.709999084472656,53.1824951171875,533700,,,,,,,,
2025-07-30,53.66999816894531,53.9900016784668,50.689998626708984,51.2400016784668,50.73675537109375,506300,,,,,,,,
2025-07-31,51.220001220703125,51.35499954223633,49.845001220703125,50.70000076293945,50.202056884765625,540300,,,,,,,,
2025-08-01,49.91999816894531,50.43000030517578,48.939998626708984,49.52000045776367,49.03364562988281,483400,,,,,,,,
2025-08-04,49.7400016784668,49.775001525878906,49.34000015258789,49.54999923706055,49.063350677490234,280300,,,,,,,,
2025-08-05,49.68000030517578,50.880001068115234,49.43000030517578,50.77000045776367,50.2713737487793,404800,,,,,,,,
2025-08-06,50.130001068115234,51.130001068115234,50.130001068115234,50.59000015258789,50.0931396484375,421200,,,,,,,,
2025-08-07,50.86000061035156,51.310001373291016,50.275001525878906,51.150001525878906,50.647640228271484,409900,,,,,,,,
2025-08-08,51.279998779296875,52.459999084472656,51.15999984741211,52.02000045776367,51.50909423828125,376800,,,,,,,,
2025-08-11,52.27000045776367,52.90999984741211,52.08000183105469,52.720001220703125,52.20222091674805,332900,,,,,,,,
2025-08-12,53.060001373291016,54.775001525878906,53.060001373291016,54.59000015258789,54.05385208129883,408300,,,,,,,,
2025-08-13,54.970001220703125,56.290000915527344,54.60499954223633,56.04999923706055,55.49951171875,418300,,,,,,,,
2025-08-14,55.61000061035156,55.959999084472656,55.1349983215332,55.88999938964844,55.34108352661133,378500,,,,,,,,
2025-08-15,56.029998779296875,56.029998779296875,55.125,55.279998779296875,54.73707580566406,295200,,,,,,,,
2025-08-18,55.220001220703125,55.659000396728516,54.8849983215332,55.029998779296875,54.48952865600586,293500,,,,,,,,
2025-08-19,55.45000076293945,55.80500030517578,54.8849983215332,55.59000015258789,55.04403305053711,507800,,,,,,,,
2025-08-20,55.43000030517578,56.150001525878906,55.25,56.02000045776367,55.469810485839844,380300,,,,,,,,
2025-08-21,55.779998779296875,56.380001068115234,55.47800064086914,56.33000183105469,55.77676773071289,382500,,,,,,,,
2025-08-22,56.63999938964844,58.40999984741211,56.17499923706055,58.2599983215332,57.96564483642578,548300,,,,,,,,
2025-08-25,57.95000076293945,59.400001525878906,57.939998626708984,59.040000915527344,58.74170684814453,499700,,,,,,,,
2025-08-26,58.84000015258789,59.584999084472656,58.68000030517578,58.959999084472656,58.662109375,481200,,,,,,,,
2025-08-27,58.689998626708984,59.595001220703125,58.5099983215332,58.97999954223633,58.682010650634766,329600,,,,,,,,
2025-08-28,59.34000015258789,59.34000015258789,58.040000915527344,58.849998474121094,58.55266571044922,334500,,,,,,,,
2025-08-29,58.95000076293945,59.005001068115234,58.01499938964844,58.47999954223633,58.18453598022461,356700,,,,,,,,
2025-09-02,58.189998626708984,58.22999954223633,57.35499954223633,57.97999954223633,57.68706130981445,441600,,,,,,,,
2025-09-03,57.939998626708984,58.3849983215332,57.220001220703125,57.720001220703125,57.42837905883789,480100,,,,,,,,
2025-09-04,57.63999938964844,58.65999984741211,57.279998779296875,58.529998779296875,58.234283447265625,337000,,,,,,,,
2025-09-05,58.650001525878906,59.27000045776367,57.67499923706055,58.599998474121094,58.30392837524414,284300,,,,,,,,
2025-09-08,58.9900016784668,59.54999923706055,57.720001220703125,58.83000183105469,58.53276824951172,398300,,,,,,,,
2025-09-09,58.97999954223633,59.45000076293945,57.4900016784668,57.86000061035156,57.56766891479492,465200,,,,,,,,
2025-09-10,57.70000076293945,58.290000915527344,57.58000183105469,57.970001220703125,57.6771125793457,365800,,,,,,,,
2025-09-11,58.22999954223633,59.56999969482422,58.22999954223633,59.529998779296875,59.22922897338867,372400,,,,,,,,
2025-09-12,59.310001373291016,59.880001068115234,58.18000030517578,58.20000076293945,57.90595245361328,291800,,,,,,,,
2025-09-15,58.20000076293945,58.39500045776367,57.45000076293945,57.4900016784668,57.19953918457031,517400,,,,,,,,
2025-09-16,57.4900016784668,57.779998779296875,56.39500045776367,57.65999984741211,57.36867904663086,542700,,,,,,,,
2025-09-17,57.97999954223633,59.720001220703125,57.86000061035156,58.5,58.20443344116211,441600,,,,,,,,
2025-09-18,58.790000915527344,59.459999084472656,58.15999984741211,59.43000030517578,59.129737854003906,472000,,,,,,,,
2025-09-19,59.5,59.5,58.22999954223633,58.52000045776367,58.224334716796875,2035700,,,,,,,,
2025-09-22,58.81999969482422,58.81999969482422,57.7599983215332,58.209999084472656,57.91590118408203,317800,,,,,,,,
2025-09-23,58.209999084472656,59.040000915527344,57.95500183105469,57.97999954223633,57.68706130981445,250600,,,,,,,,
2025-09-24,58.09000015258789,58.875,57.349998474121094,57.900001525878906,57.60746765136719,267500,,,,,,,,
2025-09-25,57.95000076293945,57.95000076293945,56.84000015258789,57.650001525878906,57.35873031616211,339000,,,,,,,,
2025-09-26,57.709999084472656,58.22999954223633,57.439998626708984,58.119998931884766,57.82635498046875,287900,,,,,,,,
2025-09-29,58.189998626708984,58.21500015258789,56.65999984741211,57.13999938964844,56.8513069152832,273700,,,,,,,,
2025-09-30,56.86000061035156,57.560001373291016,56.45000076293945,57.47999954223633,57.1895866394043,474400,,,,,,,,
2025-10-01,57.33000183105469,57.7400016784668,56.90999984741211,57.380001068115234,57.09009552001953,358700,,,,,,,,
2025-10-02,57.369998931884766,57.540000915527344,56.08000183105469,56.470001220703125,56.1846923828125,293700,,,,,,,,
2025-10-03,56.470001220703125,57.290000915527344,56.2599983215332,56.689998626708984,56.40357971191406,277100,,,,,,,,
2025-10-06,57.029998779296875,57.119998931884766,55.314998626708984,55.43000030517578,55.14994812011719,341800,,,,,,,,
2025-10-07,55.40999984741211,55.40999984741211,53.7400016784668,54.18000030517578,53.9062614440918,284700,,,,,,,,
2025-10-08,54.400001525878906,54.470001220703125,53.43000030517578,53.709999084472656,53.438636779785156,184700,,,,,,,,
2025-10-09,53.66999816894531,53.720001220703125,52.459999084472656,52.619998931884766,52.35414123535156,256100,,,,,,,,
2025-10-10,52.790000915527344,53.154998779296875,51.4900016784668,51.779998779296875,51.51838684082031,368000,,,,,,,,
2025-10-13,52.11000061035156,52.5,51.13999938964844,51.45000076293945,51.19005584716797,414900,,,,,,,,
2025-10-14,51.04999923706055,52.849998474121094,50.79499816894531,52.84000015258789,52.57303237915039,603100,,,,,,,,
2025-10-15,53.290000915527344,53.709999084472656,52.88999938964844,53.04999923706055,52.7819709777832,367300,,,,,,,,
2025-10-16,52.869998931884766,53.45000076293945,52.540000915527344,53.380001068115234,53.11030578613281,373500,,,,,,,,
2025-10-17,53.06999969482422,53.689998626708984,52.72999954223633,53.04999923706055,52.7819709777832,255100,,,,,,,,
2025-10-20,53.27000045776367,53.619998931884766,52.900001525878906,53.099998474121094,52.83171844482422,208600,,,,,,,,
2025-10-21,53.040000915527344,54.63999938964844,52.68000030517578,54.220001220703125,53.94606018066406,205400,,,,,,,,
2025-10-22,54.22999954223633,55.18000030517578,53.79999923706055,54.5,54.22464370727539,262300,,,,,,,,
2025-10-23,54.959999084472656,55.25,54.290000915527344,54.34000015258789,54.065452575683594,284900,,,,,,,,
2025-10-24,54.83000183105469,55.29999923706055,54.5,54.70000076293945,54.42363357543945,351200,,,,,,,,
2025-10-27,53.75,55.81999969482422,53.75,54.95000076293945,54.67237091064453,611100,,,,,,,,
2025-10-28,54.349998474121094,55.52000045776367,52.650001525878906,53.900001525878906,53.62767791748047,482900,,,,,,,,
2025-10-29,53.099998474121094,53.53499984741211,51.93000030517578,52.02000045776367,51.75717544555664,665000,,,,,,,,
2025-10-30,51.83000183105469,52.779998779296875,51.53499984741211,51.900001525878906,51.63778305053711,602500,,,,,,,,
2025-10-31,51.88999938964844,52.16999816894531,51.279998779296875,51.90999984741211,51.64773178100586,499600,,,,,,,,
2025-11-03,53.11000061035156,53.849998474121094,52.22999954223633,52.689998626708984,52.423789978027344,447900,,,,,,,,
2025-11-04,52.310001373291016,52.5,51.779998779296875,52.2599983215332,51.9959602355957,232100,,,,,,,,
2025-11-05,52.16999816894531,53.47999954223633,52.16999816894531,53.47999954223633,53.20979690551758,292500,,,,,,,,
2025-11-06,53.310001373291016,53.52000045776367,52.60499954223633,52.7400016784668,52.47353744506836,326900,,,,,,,,
2025-11-07,53.04999923706055,53.97999954223633,52.86000061035156,53.380001068115234,53.11030578613281,350000,,,,,,,,
2025-11-10,53.63999938964844,54.400001525878906,53.31999969482422,53.91999816894531,53.6475715637207,240800,,,,,,,,
2025-11-11,54.0,54.6349983215332,53.755001068115234,54.040000915527344,53.766971588134766,206300,,,,,,,,
2025-11-12,54.09000015258789,55.400001525878906,53.974998474121094,54.95000076293945,54.67237091064453,326200,,,,,,,,
2025-11-13,54.939998626708984,55.3650016784668,54.400001525878906,54.66999816894531,54.39378356933594,399300,,,,,,,,
2025-11-14,54.56999969482422,54.599998474121094,53.44499969482422,54.25,53.97590637207031,341800,,,,,,,,
2025-11-17,53.91999816894531,54.5,52.22999954223633,52.47999954223633,52.21485137939453,427300,,,,,,,,
2025-11-18,51.970001220703125,52.849998474121094,51.40999984741211,52.529998779296875,52.26459503173828,464100,,,,,,,,
2025-11-19,52.72999954223633,53.09000015258789,52.08000183105469,53.060001373291016,52.79192352294922,410300,,,,,,,,
2025-11-20,53.279998779296875,53.97999954223633,51.380001068115234,51.540000915527344,51.27960205078125,381400,,,,,,,,
2025-11-21,52.04999923706055,53.61000061035156,52.0,53.439998626708984,53.16999816894531,499000,,,,,,,,
2025-11-24,52.970001220703125,53.939998626708984,52.630001068115234,53.720001220703125,53.720001220703125,345000,,,,,,,,
2025-11-25,53.810001373291016,55.130001068115234,53.810001373291016,54.90999984741211,54.90999984741211,414600,,,,,,,,
2025-11-26,54.41999816894531,55.34000015258789,54.209999084472656,54.220001220703125,54.220001220703125,431800,,,,,,,,
2025-11-28,54.880001068115234,54.880001068115234,53.91999816894531,54.09000015258789,54.09000015258789,149300,,,,,,,,
2025-12-01,52.810001373291016,54.709999084472656,52.810001373291016,54.459999084472656,54.459999084472656,290500,,,,,,,,
2025-12-02,54.7599983215332,54.7599983215332,53.709999084472656,54.33000183105469,54.33000183105469,302100,,,,,,,,
2025-12-03,54.41999816894531,55.154998779296875,54.06999969482422,54.52000045776367,54.52000045776367,262600,,,,,,,,
2025-12-04,54.779998779296875,54.959999084472656,53.79999923706055,54.279998779296875,54.279998779296875,266500,,,,,,,,
2025-12-05,54.2599983215332,54.970001220703125,54.08000183105469,54.40999984741211,54.40999984741211,294500,,,,,,,,
2025-12-08,54.5,54.93000030517578,53.76499938964844,54.119998931884766,54.119998931884766,300100,,,,,,,,
2025-12-09,54.290000915527344,57.0099983215332,54.290000915527344,55.56999969482422,55.56999969482422,484600,,,,,,,,
2025-12-10,55.619998931884766,57.89500045776367,55.470001220703125,57.720001220703125,57.720001220703125,426700,,,,,,,,
2025-12-11,57.77000045776367,58.81999969482422,57.709999084472656,58.09000015258789,58.09000015258789,445300,,,,,,,,
2025-12-12,58.470001220703125,58.470001220703125,57.58000183105469,57.90999984741211,57.90999984741211,352400,,,,,,,,
2025-12-15,57.529998779296875,57.91999816894531,56.43000030517578,57.779998779296875,57.779998779296875,383100,,,,,,,,
2025-12-16,57.970001220703125,58.654998779296875,57.880001068115234,58.40999984741211,58.40999984741211,506700,,,,,,,,
2025-12-17,58.25,59.33000183105469,58.09199905395508,59.31999969482422,59.31999969482422,455900,,,,,,,,
2025-12-18,59.5099983215332,60.439998626708984,59.20000076293945,59.75,59.75,454100,,,,,,,,
2025-12-19,59.7599983215332,61.25,59.540000915527344,60.529998779296875,60.529998779296875,1482200,,,,,,,,
2025-12-22,60.790000915527344,61.744998931884766,59.20000076293945,61.040000915527344,61.040000915527344,372500,,,,,,,,
2025-12-23,61.0,61.86000061035156,61.0,61.11000061035156,61.11000061035156,379500,,,,,,,,
2025-12-24,61.08000183105469,61.4900016784668,60.84000015258789,61.31999969482422,61.31999969482422,123100,,,,,,,,
2025-12-26,61.31999969482422,61.77000045776367,61.040000915527344,61.400001525878906,61.400001525878906,268400,,,,,,,,
2025-12-29,61.47999954223633,61.709999084472656,60.92499923706055,61.650001525878906,61.650001525878906,302900,,,,,,,,
2025-12-30,61.689998626708984,63.68000030517578,61.529998779296875,63.33000183105469,63.33000183105469,497100,,,,,,,,
,PHIN,PHIN,PHIN,PHIN,PHIN,PHIN,,,,,,,,
