date,open,high,low,close,adj_close,volume,"('date', '')","('open', 'TRTN-PA')","('high', 'TRTN-PA')","('low', 'TRTN-PA')","('close', 'TRTN-PA')","('adj_close', 'TRTN-PA')","('volume', 'TRTN-PA')","('currency', '')"
2023-10-05,25.03660011291504,25.075000762939453,24.979999542236328,25.059499740600586,20.796072006225586,2974,,,,,,,,
2023-10-06,25.0,25.06999969482422,24.719999313354492,24.950000762939453,20.705204010009766,7713,,,,,,,,
2023-10-09,24.940000534057617,25.020000457763672,24.850000381469727,24.8700008392334,20.638811111450195,6056,,,,,,,,
2023-10-10,24.94099998474121,24.94099998474121,24.850000381469727,24.850000381469727,20.622217178344727,1994,,,,,,,,
2023-10-11,24.950000762939453,25.100000381469727,24.889999389648438,25.06999969482422,20.804784774780273,13122,,,,,,,,
2023-10-12,24.8799991607666,25.049999237060547,24.850000381469727,24.950000762939453,20.705204010009766,5017,,,,,,,,
2023-10-13,24.950000762939453,25.079999923706055,24.950000762939453,25.06999969482422,20.804784774780273,2251,,,,,,,,
2023-10-16,25.149999618530273,25.149999618530273,24.979999542236328,25.09429931640625,20.824951171875,3635,,,,,,,,
2023-10-17,24.979999542236328,25.149999618530273,24.979999542236328,25.1299991607666,20.854578018188477,5841,,,,,,,,
2023-10-18,24.989999771118164,25.17970085144043,24.980100631713867,25.049999237060547,20.78818702697754,6466,,,,,,,,
2023-10-19,25.020000457763672,25.079999923706055,25.0,25.0,20.746694564819336,1821,,,,,,,,
2023-10-20,25.059999465942383,25.059999465942383,25.0,25.0,20.746694564819336,283,,,,,,,,
2023-10-23,25.075000762939453,25.139999389648438,25.03499984741211,25.03499984741211,20.775741577148438,1473,,,,,,,,
2023-10-24,25.040000915527344,25.149799346923828,25.0,25.050100326538086,20.788270950317383,10833,,,,,,,,
2023-10-25,25.110000610351562,25.2549991607666,24.950000762939453,24.950000762939453,20.705204010009766,9089,,,,,,,,
2023-10-26,25.25,25.312700271606445,25.06999969482422,25.139999389648438,20.86287498474121,5945,,,,,,,,
2023-10-27,25.200000762939453,25.25979995727539,25.199899673461914,25.25979995727539,20.962289810180664,1889,,,,,,,,
2023-10-30,25.15999984741211,25.209999084472656,25.04010009765625,25.079999923706055,20.813085556030273,3275,,,,,,,,
2023-10-31,25.15999984741211,25.22330093383789,25.100000381469727,25.219999313354492,20.929264068603516,2631,,,,,,,,
2023-11-01,25.100000381469727,25.399200439453125,25.100000381469727,25.399200439453125,21.077978134155273,11370,,,,,,,,
2023-11-02,25.139999389648438,25.517900466918945,25.110000610351562,25.270000457763672,20.97075843811035,19438,,,,,,,,
2023-11-03,25.309999465942383,25.520000457763672,25.309999465942383,25.43000030517578,21.103538513183594,1711,,,,,,,,
2023-11-06,25.420000076293945,25.65999984741211,25.200000762939453,25.510000228881836,21.1699275970459,7093,,,,,,,,
2023-11-07,25.329999923706055,25.677400588989258,25.329999923706055,25.450000762939453,21.120134353637695,9840,,,,,,,,
2023-11-08,25.5,25.56999969482422,25.5,25.569900512695312,21.219636917114258,7004,,,,,,,,
2023-11-09,25.670000076293945,25.670000076293945,25.5,25.600000381469727,21.24461555480957,10629,,,,,,,,
2023-11-10,25.514299392700195,25.600000381469727,25.5,25.600000381469727,21.24461555480957,2866,,,,,,,,
2023-11-13,25.600000381469727,25.752099990844727,25.600000381469727,25.600000381469727,21.24461555480957,7829,,,,,,,,
2023-11-14,25.649999618530273,25.700000762939453,25.489999771118164,25.510000228881836,21.1699275970459,10742,,,,,,,,
2023-11-15,25.65570068359375,25.705400466918945,25.520000457763672,25.670000076293945,21.302705764770508,3093,,,,,,,,
2023-11-16,25.610000610351562,25.829999923706055,25.600000381469727,25.600099563598633,21.24469757080078,9550,,,,,,,,
2023-11-17,25.610000610351562,25.780000686645508,25.530000686645508,25.56369972229004,21.214492797851562,6591,,,,,,,,
2023-11-20,25.6200008392334,25.68000030517578,25.530000686645508,25.54990005493164,21.203039169311523,2679,,,,,,,,
2023-11-21,25.56999969482422,25.829999923706055,25.56999969482422,25.600000381469727,21.24461555480957,998,,,,,,,,
2023-11-22,25.739999771118164,25.850000381469727,25.650100708007812,25.65999984741211,21.294408798217773,1443,,,,,,,,
2023-11-27,25.649999618530273,25.950000762939453,25.639999389648438,25.68630027770996,21.316232681274414,5802,,,,,,,,
2023-11-28,25.670000076293945,25.989999771118164,25.670000076293945,25.670000076293945,21.302705764770508,3038,,,,,,,,
2023-11-29,25.75,25.75,25.600000381469727,25.600000381469727,21.24461555480957,5072,,,,,,,,
2023-11-30,25.6299991607666,25.75,25.6299991607666,25.65999984741211,21.294408798217773,1009,,,,,,,,
2023-12-01,25.739999771118164,25.739999771118164,25.610000610351562,25.649999618530273,21.286109924316406,1931,,,,,,,,
2023-12-04,25.760000228881836,25.989999771118164,25.6200008392334,25.785999298095703,21.398969650268555,4324,,,,,,,,
2023-12-05,25.709999084472656,25.709999084472656,25.68000030517578,25.680099487304688,21.311086654663086,559,,,,,,,,
2023-12-06,25.65999984741211,25.799999237060547,25.65999984741211,25.690000534057617,21.319303512573242,2865,,,,,,,,
2023-12-07,25.440000534057617,25.440000534057617,25.209999084472656,25.209999084472656,21.36273193359375,2966,,,,,,,,
2023-12-08,25.15999984741211,25.290000915527344,25.149999618530273,25.149999618530273,21.311885833740234,2305,,,,,,,,
2023-12-11,25.149999618530273,25.489900588989258,25.149999618530273,25.260000228881836,21.40509796142578,7520,,,,,,,,
2023-12-12,25.469999313354492,25.469999313354492,25.200000762939453,25.389999389648438,21.515260696411133,4283,,,,,,,,
2023-12-13,25.3799991607666,25.3799991607666,25.183000564575195,25.299999237060547,21.438995361328125,4484,,,,,,,,
2023-12-14,25.260000228881836,25.35540008544922,25.18000030517578,25.31049919128418,21.447893142700195,6031,,,,,,,,
2023-12-15,25.350000381469727,25.350000381469727,25.139999389648438,25.139999389648438,21.30341148376465,5711,,,,,,,,
2023-12-18,25.139999389648438,25.29990005493164,25.139999389648438,25.29990005493164,21.438913345336914,3587,,,,,,,,
2023-12-19,25.190000534057617,25.229999542236328,25.09000015258789,25.200000762939453,21.354259490966797,14081,,,,,,,,
2023-12-20,25.25,25.299999237060547,25.200000762939453,25.270000457763672,21.413576126098633,5702,,,,,,,,
2023-12-21,25.299999237060547,25.299999237060547,25.139999389648438,25.299999237060547,21.438995361328125,4230,,,,,,,,
2023-12-22,25.299999237060547,25.299999237060547,25.170000076293945,25.18000030517578,21.337308883666992,5762,,,,,,,,
2023-12-26,25.170000076293945,25.170000076293945,25.15999984741211,25.15999984741211,21.320362091064453,600,,,,,,,,
2023-12-27,25.299999237060547,25.299999237060547,25.170000076293945,25.18000030517578,21.337308883666992,3964,,,,,,,,
2023-12-28,25.190000534057617,25.290000915527344,25.18000030517578,25.180099487304688,21.337392807006836,3419,,,,,,,,
2023-12-29,25.270000457763672,25.270000457763672,25.100000381469727,25.149999618530273,21.311885833740234,7837,,,,,,,,
2024-01-02,25.200000762939453,25.270000457763672,25.170000076293945,25.200000762939453,21.354259490966797,8252,,,,,,,,
2024-01-03,25.190000534057617,25.299999237060547,25.18000030517578,25.260000228881836,21.40509796142578,3937,,,,,,,,
2024-01-04,25.200000762939453,25.31999969482422,25.200000762939453,25.31999969482422,21.455944061279297,6717,,,,,,,,
2024-01-05,25.299999237060547,25.420000076293945,25.299999237060547,25.3700008392334,21.498310089111328,2531,,,,,,,,
2024-01-08,25.479700088500977,25.5,25.299999237060547,25.360000610351562,21.489839553833008,5332,,,,,,,,
2024-01-09,25.310100555419922,25.389999389648438,25.310100555419922,25.389999389648438,21.515260696411133,5890,,,,,,,,
2024-01-10,25.5,25.565799713134766,25.5,25.5,21.608476638793945,3456,,,,,,,,
2024-01-11,25.469999313354492,25.5,25.399999618530273,25.399999618530273,21.52373695373535,2156,,,,,,,,
2024-01-12,25.4950008392334,25.4950008392334,25.4950008392334,25.4950008392334,21.604238510131836,1233,,,,,,,,
2024-01-16,25.5,25.525999069213867,25.43079948425293,25.43079948425293,21.549837112426758,1651,,,,,,,,
2024-01-17,25.400100708007812,25.450000762939453,25.400100708007812,25.450000762939453,21.566104888916016,1877,,,,,,,,
2024-01-18,25.475000381469727,25.479999542236328,25.475000381469727,25.479999542236328,21.59152603149414,1112,,,,,,,,
2024-01-19,25.4783992767334,25.4783992767334,25.450000762939453,25.450000762939453,21.566104888916016,3711,,,,,,,,
2024-01-22,25.450000762939453,25.5,25.440000534057617,25.459999084472656,21.57457733154297,4731,,,,,,,,
2024-01-23,25.479999542236328,25.5,25.479999542236328,25.5,21.608476638793945,1183,,,,,,,,
2024-01-25,25.579999923706055,25.59000015258789,25.5,25.5,21.608476638793945,5820,,,,,,,,
2024-01-26,25.540000915527344,25.959199905395508,25.540000915527344,25.750099182128906,21.820405960083008,11502,,,,,,,,
2024-01-29,25.799999237060547,25.81999969482422,25.59000015258789,25.709999084472656,21.78642463684082,4221,,,,,,,,
2024-01-30,25.6200008392334,25.81999969482422,25.549999237060547,25.549999237060547,21.650846481323242,16342,,,,,,,,
2024-01-31,25.690000534057617,25.700000762939453,25.559999465942383,25.600000381469727,21.693214416503906,9206,,,,,,,,
2024-02-01,25.610000610351562,25.899999618530273,25.610000610351562,25.65999984741211,21.74405860900879,4129,,,,,,,,
2024-02-02,25.649999618530273,25.849899291992188,25.600000381469727,25.600000381469727,21.693214416503906,14864,,,,,,,,
2024-02-05,25.84000015258789,25.850000381469727,25.59000015258789,25.59000015258789,21.684741973876953,3284,,,,,,,,
2024-02-06,25.59000015258789,25.69969940185547,25.59000015258789,25.600000381469727,21.693214416503906,3121,,,,,,,,
2024-02-07,25.689899444580078,25.690000534057617,25.600000381469727,25.65999984741211,21.74405860900879,7439,,,,,,,,
2024-02-08,25.69070053100586,25.850000381469727,25.69070053100586,25.760000228881836,21.828798294067383,3515,,,,,,,,
2024-02-09,25.739999771118164,25.83009910583496,25.6299991607666,25.6299991607666,21.7186336517334,3430,,,,,,,,
2024-02-12,25.6299991607666,25.84480094909668,25.6299991607666,25.760000228881836,21.828798294067383,5049,,,,,,,,
2024-02-13,25.670000076293945,25.770000457763672,25.56999969482422,25.76059913635254,21.829303741455078,1984,,,,,,,,
2024-02-14,25.800100326538086,25.8700008392334,25.758800506591797,25.780000686645508,21.845745086669922,10041,,,,,,,,
2024-02-15,25.75,25.75,25.600200653076172,25.725299835205078,21.799392700195312,7245,,,,,,,,
2024-02-16,25.690000534057617,25.757299423217773,25.690000534057617,25.757299423217773,21.826509475708008,1389,,,,,,,,
2024-02-20,25.690000534057617,25.8700008392334,25.690000534057617,25.770000457763672,21.83727264404297,5739,,,,,,,,
2024-02-21,25.84000015258789,25.84000015258789,25.717300415039062,25.717300415039062,21.792612075805664,3409,,,,,,,,
2024-02-22,25.799999237060547,25.799999237060547,25.79990005493164,25.799999237060547,21.862693786621094,1588,,,,,,,,
2024-02-23,25.739999771118164,25.86479949951172,25.739999771118164,25.75,21.820322036743164,2532,,,,,,,,
2024-02-26,25.8700008392334,25.8700008392334,25.735000610351562,25.7549991607666,21.82455825805664,3970,,,,,,,,
2024-02-27,25.799999237060547,25.8700008392334,25.750600814819336,25.750600814819336,21.820833206176758,2306,,,,,,,,
2024-02-28,25.86989974975586,25.8700008392334,25.730100631713867,25.730100631713867,21.8034610748291,1420,,,,,,,,
2024-02-29,25.85759925842285,25.860000610351562,25.760000228881836,25.850000381469727,21.90506362915039,5589,,,,,,,,
2024-03-01,25.859899520874023,25.859899520874023,25.760000228881836,25.79990005493164,21.86260986328125,2408,,,,,,,,
2024-03-04,25.829999923706055,25.84000015258789,25.82430076599121,25.825000762939453,21.88387680053711,2227,,,,,,,,
2024-03-05,25.989999771118164,26.200000762939453,25.780000686645508,25.860000610351562,21.913536071777344,5974,,,,,,,,
2024-03-06,25.850000381469727,25.969999313354492,25.850000381469727,25.969900131225586,22.006664276123047,1873,,,,,,,,
2024-03-07,25.760000228881836,25.760000228881836,25.549999237060547,25.68000030517578,22.215456008911133,3553,,,,,,,,
2024-03-08,25.530000686645508,25.829999923706055,25.440000534057617,25.55500030517578,22.107315063476562,13344,,,,,,,,
2024-03-11,25.649999618530273,25.655000686645508,25.414899826049805,25.459999084472656,22.025131225585938,2528,,,,,,,,
2024-03-12,25.6200008392334,25.8799991607666,25.6200008392334,25.639999389648438,22.180849075317383,2285,,,,,,,,
2024-03-13,25.700000762939453,25.700000762939453,25.420000076293945,25.54330062866211,22.09719467163086,2440,,,,,,,,
2024-03-14,25.489999771118164,25.540000915527344,25.440000534057617,25.440000534057617,22.007831573486328,4090,,,,,,,,
2024-03-15,25.420000076293945,25.5,25.399999618530273,25.399999618530273,21.973228454589844,1760,,,,,,,,
2024-03-18,25.440000534057617,25.440000534057617,25.309999465942383,25.31999969482422,21.904020309448242,13006,,,,,,,,
2024-03-19,25.299999237060547,25.6200008392334,25.290000915527344,25.549999237060547,22.10299301147461,6632,,,,,,,,
2024-03-20,25.559999465942383,25.56999969482422,25.350000381469727,25.360000610351562,21.938623428344727,5545,,,,,,,,
2024-03-21,25.440000534057617,25.6200008392334,25.3799991607666,25.3799991607666,21.9559268951416,10482,,,,,,,,
2024-03-22,25.440000534057617,25.440000534057617,25.43000030517578,25.43000030517578,21.999181747436523,1011,,,,,,,,
2024-03-25,25.510000228881836,25.680099487304688,25.510000228881836,25.54520034790039,22.098840713500977,1769,,,,,,,,
2024-03-26,25.420000076293945,25.520000457763672,25.420000076293945,25.440000534057617,22.007831573486328,1326,,,,,,,,
2024-03-27,25.450000762939453,25.450000762939453,25.350000381469727,25.350000381469727,21.929973602294922,9768,,,,,,,,
2024-03-28,25.341999053955078,25.341999053955078,25.280000686645508,25.28499984741211,21.873743057250977,5064,,,,,,,,
2024-04-01,25.350000381469727,25.40999984741211,25.300100326538086,25.329999923706055,21.91267204284668,7308,,,,,,,,
2024-04-02,25.420000076293945,25.420000076293945,25.309999465942383,25.40999984741211,21.98187828063965,3797,,,,,,,,
2024-04-03,25.399999618530273,25.399999618530273,25.399999618530273,25.399999618530273,21.973228454589844,415,,,,,,,,
2024-04-04,25.450000762939453,25.450000762939453,25.420000076293945,25.420000076293945,21.990530014038086,1672,,,,,,,,
2024-04-05,25.5,25.614999771118164,25.5,25.600000381469727,22.14624786376953,1092,,,,,,,,
2024-04-08,25.562400817871094,25.690000534057617,25.562400817871094,25.56999969482422,22.12029266357422,12840,,,,,,,,
2024-04-09,25.479999542236328,25.520000457763672,25.350099563598633,25.3700008392334,21.94727325439453,7760,,,,,,,,
2024-04-10,25.34000015258789,25.399999618530273,25.34000015258789,25.34000015258789,21.921323776245117,3776,,,,,,,,
2024-04-11,25.399999618530273,25.399999618530273,25.399999618530273,25.399999618530273,21.973228454589844,201,,,,,,,,
2024-04-12,25.399999618530273,25.400100708007812,25.34000015258789,25.34000015258789,21.921323776245117,5024,,,,,,,,
2024-04-15,25.34000015258789,25.415000915527344,25.34000015258789,25.415000915527344,21.9862060546875,855,,,,,,,,
2024-04-16,25.459999084472656,25.56999969482422,25.440000534057617,25.440000534057617,22.007831573486328,5101,,,,,,,,
2024-04-17,25.40999984741211,25.549999237060547,25.40999984741211,25.5,22.059738159179688,8678,,,,,,,,
2024-04-18,25.5,25.5,25.434999465942383,25.434999465942383,22.003507614135742,2772,,,,,,,,
2024-04-19,25.5,25.518199920654297,25.5,25.518199920654297,22.075483322143555,1127,,,,,,,,
2024-04-22,25.649999618530273,25.649999618530273,25.520000457763672,25.600000381469727,22.14624786376953,1680,,,,,,,,
2024-04-23,25.568300247192383,25.639999389648438,25.520000457763672,25.520000457763672,22.077037811279297,4746,,,,,,,,
2024-04-24,25.520000457763672,25.784500122070312,25.5,25.784500122070312,22.30585479736328,8978,,,,,,,,
2024-04-25,25.582799911499023,25.582799911499023,25.549999237060547,25.549999237060547,22.10299301147461,668,,,,,,,,
2024-04-26,25.559999465942383,25.66819953918457,25.559999465942383,25.66819953918457,22.205244064331055,368,,,,,,,,
2024-04-29,25.559999465942383,25.649999618530273,25.549999237060547,25.549999237060547,22.10299301147461,3793,,,,,,,,
2024-04-30,25.549999237060547,25.670000076293945,25.549999237060547,25.549999237060547,22.10299301147461,1648,,,,,,,,
2024-05-01,25.649999618530273,25.649999618530273,25.549999237060547,25.549999237060547,22.10299301147461,3030,,,,,,,,
2024-05-02,25.59000015258789,25.649999618530273,25.549999237060547,25.56999969482422,22.12029266357422,2212,,,,,,,,
2024-05-03,25.856399536132812,25.856399536132812,25.856399536132812,25.856399536132812,22.368053436279297,152,,,,,,,,
2024-05-06,25.709400177001953,25.709400177001953,25.610000610351562,25.649999618530273,22.18950080871582,1525,,,,,,,,
2024-05-07,25.649999618530273,25.781999588012695,25.600000381469727,25.684999465942383,22.219778060913086,10196,,,,,,,,
2024-05-08,25.670000076293945,25.790000915527344,25.65999984741211,25.770000457763672,22.293312072753906,3651,,,,,,,,
2024-05-09,25.780000686645508,25.790000915527344,25.65999984741211,25.68000030517578,22.215456008911133,2149,,,,,,,,
2024-05-10,25.670000076293945,25.75,25.670000076293945,25.670000076293945,22.206802368164062,564,,,,,,,,
2024-05-13,25.719999313354492,25.719999313354492,25.600000381469727,25.649999618530273,22.18950080871582,9814,,,,,,,,
2024-05-14,25.700000762939453,25.700000762939453,25.649999618530273,25.649999618530273,22.18950080871582,710,,,,,,,,
2024-05-15,25.809999465942383,25.809999465942383,25.725000381469727,25.75,22.276010513305664,2302,,,,,,,,
2024-05-16,25.829999923706055,26.1560001373291,25.67009925842285,25.67009925842285,22.20688819885254,7566,,,,,,,,
2024-05-20,25.75,25.889999389648438,25.709999084472656,25.770000457763672,22.293312072753906,4451,,,,,,,,
2024-05-21,26.18000030517578,26.18000030517578,25.75,25.75,22.276010513305664,11064,,,,,,,,
2024-05-22,25.75,26.100000381469727,25.709999084472656,25.895200729370117,22.401622772216797,9870,,,,,,,,
2024-05-23,25.790000915527344,26.200000762939453,25.600099563598633,25.700000762939453,22.232755661010742,8973,,,,,,,,
2024-05-24,25.709999084472656,26.18000030517578,25.65999984741211,25.929500579833984,22.431293487548828,12275,,,,,,,,
2024-05-28,26.139999389648438,26.190000534057617,25.754199981689453,25.754199981689453,22.279640197753906,5790,,,,,,,,
2024-05-29,25.750099182128906,26.18000030517578,25.750099182128906,25.94499969482422,22.444698333740234,9707,,,,,,,,
2024-05-30,25.799999237060547,25.940000534057617,25.761899948120117,25.790000915527344,22.31061363220215,10634,,,,,,,,
2024-05-31,25.8799991607666,25.8799991607666,25.75,25.770000457763672,22.293312072753906,10659,,,,,,,,
2024-06-03,25.940000534057617,25.989999771118164,25.809999465942383,25.899999618530273,22.405773162841797,5997,,,,,,,,
2024-06-04,25.809999465942383,26.1299991607666,25.809999465942383,25.924999237060547,22.427398681640625,7526,,,,,,,,
2024-06-05,25.969999313354492,25.990699768066406,25.84000015258789,25.989999771118164,22.483627319335938,11937,,,,,,,,
2024-06-06,26.0,26.0,25.829999923706055,25.899999618530273,22.405773162841797,13611,,,,,,,,
2024-06-07,25.549999237060547,25.709999084472656,25.549999237060547,25.690000534057617,22.68950080871582,1834,,,,,,,,
2024-06-10,25.75,25.75,25.690000534057617,25.690000534057617,22.68950080871582,3742,,,,,,,,
2024-06-11,25.649999618530273,25.649999618530273,25.649999618530273,25.649999618530273,22.654172897338867,596,,,,,,,,
2024-06-12,25.649999618530273,25.799999237060547,25.649999618530273,25.799999237060547,22.786653518676758,4350,,,,,,,,
2024-06-13,25.75,25.75,25.649999618530273,25.649999618530273,22.654172897338867,1874,,,,,,,,
2024-06-14,25.600000381469727,25.600000381469727,25.559999465942383,25.56999969482422,22.583515167236328,4775,,,,,,,,
2024-06-17,25.549999237060547,25.600000381469727,25.549999237060547,25.600000381469727,22.610013961791992,4040,,,,,,,,
2024-06-18,25.56999969482422,25.579999923706055,25.5,25.5,22.52169418334961,9099,,,,,,,,
2024-06-20,25.510000228881836,25.579999923706055,25.510000228881836,25.579999923706055,22.592348098754883,2018,,,,,,,,
2024-06-21,25.551000595092773,25.679899215698242,25.5,25.679899215698242,22.68058204650879,2829,,,,,,,,
2024-06-24,25.68000030517578,25.68000030517578,25.540000915527344,25.639999389648438,22.645339965820312,1715,,,,,,,,
2024-06-25,25.68000030517578,25.68000030517578,25.549999237060547,25.594999313354492,22.605594635009766,2302,,,,,,,,
2024-06-26,25.596799850463867,25.659900665283203,25.596799850463867,25.659900665283203,22.662918090820312,6258,,,,,,,,
2024-06-27,25.68000030517578,25.68000030517578,25.670000076293945,25.67970085144043,22.68040657043457,573,,,,,,,,
2024-06-28,25.65329933166504,25.670000076293945,25.65329933166504,25.670000076293945,22.671836853027344,721,,,,,,,,
2024-07-01,25.649999618530273,25.674999237060547,25.649999618530273,25.649999618530273,22.654172897338867,1010,,,,,,,,
2024-07-02,25.649999618530273,25.649999618530273,25.600000381469727,25.600000381469727,22.610013961791992,2386,,,,,,,,
2024-07-03,25.600000381469727,25.600000381469727,25.575000762939453,25.600000381469727,22.610013961791992,2728,,,,,,,,
2024-07-05,25.6299991607666,25.790000915527344,25.611900329589844,25.790000915527344,22.777822494506836,1332,,,,,,,,
2024-07-08,25.690000534057617,25.690000534057617,25.552099227905273,25.58989906311035,22.601091384887695,3662,,,,,,,,
2024-07-09,25.59000015258789,25.719999313354492,25.54800033569336,25.54800033569336,22.5640869140625,5352,,,,,,,,
2024-07-10,25.600000381469727,25.649999618530273,25.559999465942383,25.56999969482422,22.583515167236328,1431,,,,,,,,
2024-07-11,25.649999618530273,25.649999618530273,25.610000610351562,25.610000610351562,22.618844985961914,11587,,,,,,,,
2024-07-12,25.6200008392334,25.884300231933594,25.6200008392334,25.6299991607666,22.636507034301758,5693,,,,,,,,
2024-07-15,25.600000381469727,25.899999618530273,25.600000381469727,25.770000457763672,22.76015853881836,3075,,,,,,,,
2024-07-16,25.770000457763672,26.0,25.770000457763672,25.825000762939453,22.808734893798828,3200,,,,,,,,
2024-07-17,25.75,26.09079933166504,25.75,25.784400939941406,22.772876739501953,5093,,,,,,,,
2024-07-18,25.809999465942383,26.110000610351562,25.799999237060547,25.799999237060547,22.786653518676758,3909,,,,,,,,
2024-07-22,25.799999237060547,25.84000015258789,25.799999237060547,25.84000015258789,22.82198143005371,1812,,,,,,,,
2024-07-23,25.799999237060547,26.100000381469727,25.709999084472656,26.100000381469727,23.051616668701172,3308,,,,,,,,
2024-07-24,25.72279930114746,25.860000610351562,25.72010040283203,25.860000610351562,22.83964729309082,4073,,,,,,,,
2024-07-25,25.940000534057617,25.940000534057617,25.850000381469727,25.850000381469727,22.830814361572266,817,,,,,,,,
2024-07-26,25.959999084472656,25.959999084472656,25.739999771118164,25.811399459838867,22.796720504760742,3128,,,,,,,,
2024-07-29,25.889999389648438,25.950000762939453,25.790000915527344,25.950000762939453,22.91913604736328,3149,,,,,,,,
2024-07-30,25.799999237060547,25.809999465942383,25.799999237060547,25.809999465942383,22.795482635498047,547,,,,,,,,
2024-07-31,25.940000534057617,25.940000534057617,25.829999923706055,25.895999908447266,22.871440887451172,3527,,,,,,,,
2024-08-01,25.920000076293945,25.959999084472656,25.864999771118164,25.93899917602539,22.90941619873047,6399,,,,,,,,
2024-08-02,25.950000762939453,25.950000762939453,25.829999923706055,25.950000762939453,22.91913604736328,3648,,,,,,,,
2024-08-05,25.899999618530273,25.899999618530273,25.65999984741211,25.88990020751953,22.866052627563477,10867,,,,,,,,
2024-08-06,25.68000030517578,25.805999755859375,25.68000030517578,25.719999313354492,22.715993881225586,2924,,,,,,,,
2024-08-07,25.889999389648438,25.889999389648438,25.780000686645508,25.8799991607666,22.857309341430664,1536,,,,,,,,
2024-08-08,25.889999389648438,26.110000610351562,25.8799991607666,26.049999237060547,23.00745391845703,4042,,,,,,,,
2024-08-09,26.024999618530273,26.149999618530273,26.024999618530273,26.149999618530273,23.095775604248047,1615,,,,,,,,
2024-08-12,26.149900436401367,26.149900436401367,26.040000915527344,26.09670066833496,23.048702239990234,3297,,,,,,,,
2024-08-13,26.08180046081543,26.08180046081543,25.90999984741211,26.049999237060547,23.00745391845703,1466,,,,,,,,
2024-08-14,26.07990074157715,26.100000381469727,25.985000610351562,26.059999465942383,23.016284942626953,9532,,,,,,,,
2024-08-15,26.149999618530273,26.149999618530273,25.899999618530273,25.899999618530273,22.874975204467773,6712,,,,,,,,
2024-08-16,26.0,26.15999984741211,26.0,26.149999618530273,23.095775604248047,8744,,,,,,,,
2024-08-19,26.34000015258789,26.34000015258789,26.149999618530273,26.149999618530273,23.095775604248047,682,,,,,,,,
2024-08-20,26.200300216674805,26.31999969482422,26.149999618530273,26.31999969482422,23.245920181274414,4121,,,,,,,,
2024-08-21,26.350000381469727,26.350000381469727,26.149999618530273,26.329999923706055,23.254751205444336,7368,,,,,,,,
2024-08-22,26.559999465942383,26.559999465942383,26.25,26.25,23.18409538269043,778,,,,,,,,
2024-08-23,26.299999237060547,26.299999237060547,26.239999771118164,26.239999771118164,23.175260543823242,2485,,,,,,,,
2024-08-26,26.829999923706055,26.829999923706055,26.429800033569336,26.429800033569336,23.3428955078125,2259,,,,,,,,
2024-08-27,26.280000686645508,26.40999984741211,26.280000686645508,26.350000381469727,23.272415161132812,4090,,,,,,,,
2024-08-29,26.15999984741211,26.15999984741211,26.149999618530273,26.150100708007812,23.09586524963379,1987,,,,,,,,
2024-08-30,26.38010025024414,26.389999389648438,26.18000030517578,26.280000686645508,23.21059226989746,4413,,,,,,,,
2024-09-03,26.3700008392334,26.40999984741211,26.25,26.25,23.18409538269043,355,,,,,,,,
2024-09-04,26.40999984741211,26.40999984741211,26.20009994506836,26.31999969482422,23.245920181274414,2208,,,,,,,,
2024-09-05,26.459999084472656,26.544300079345703,26.350000381469727,26.350000381469727,23.272415161132812,2328,,,,,,,,
2024-09-06,25.850000381469727,25.8799991607666,25.790000915527344,25.8799991607666,23.32762336730957,1179,,,,,,,,
2024-09-09,25.829999923706055,25.84000015258789,25.68000030517578,25.68000030517578,23.147350311279297,9648,,,,,,,,
2024-09-10,25.65999984741211,25.700000762939453,25.610000610351562,25.610000610351562,23.084251403808594,5637,,,,,,,,
2024-09-11,25.760000228881836,25.779199600219727,25.610000610351562,25.75,23.210447311401367,4087,,,,,,,,
2024-09-12,25.670000076293945,25.8700008392334,25.670000076293945,25.8700008392334,23.31861114501953,4162,,,,,,,,
2024-09-13,25.8799991607666,25.8799991607666,25.690000534057617,25.700000762939453,23.165376663208008,5602,,,,,,,,
2024-09-16,25.84000015258789,25.861900329589844,25.729999542236328,25.729999542236328,23.19241714477539,3553,,,,,,,,
2024-09-17,25.799999237060547,25.8799991607666,25.75,25.770000457763672,23.228473663330078,3986,,,,,,,,
2024-09-18,25.799999237060547,25.989999771118164,25.799999237060547,25.809999465942383,23.2645263671875,1502,,,,,,,,
2024-09-19,25.799999237060547,25.829999923706055,25.75,25.829999923706055,23.282556533813477,1448,,,,,,,,
2024-09-20,25.760000228881836,25.899999618530273,25.760000228881836,25.809999465942383,23.2645263671875,6451,,,,,,,,
2024-09-23,25.770000457763672,26.149799346923828,25.770000457763672,26.0,23.435789108276367,1188,,,,,,,,
2024-09-24,25.860000610351562,25.860000610351562,25.65999984741211,25.780000686645508,23.23748779296875,13713,,,,,,,,
2024-09-25,25.799999237060547,25.899099349975586,25.799999237060547,25.899099349975586,23.344839096069336,3583,,,,,,,,
2024-09-26,25.850000381469727,25.891199111938477,25.799999237060547,25.831300735473633,23.28372573852539,1405,,,,,,,,
2024-09-27,25.799999237060547,25.8799991607666,25.799999237060547,25.8799991607666,23.32762336730957,2245,,,,,,,,
2024-09-30,25.780000686645508,25.866300582885742,25.760000228881836,25.799999237060547,23.255512237548828,4342,,,,,,,,
2024-10-01,25.865999221801758,25.8799991607666,25.865999221801758,25.8799991607666,23.32762336730957,986,,,,,,,,
2024-10-02,25.92340087890625,25.989999771118164,25.780000686645508,25.809999465942383,23.2645263671875,4993,,,,,,,,
2024-10-03,25.850000381469727,25.950000762939453,25.84000015258789,25.84000015258789,23.29157066345215,1975,,,,,,,,
2024-10-04,25.889999389648438,25.889999389648438,25.740100860595703,25.760000228881836,23.21946144104004,551,,,,,,,,
2024-10-07,25.84000015258789,25.940000534057617,25.84000015258789,25.84589958190918,23.29688835144043,1677,,,,,,,,
2024-10-08,25.850000381469727,25.850000381469727,25.700000762939453,25.75,23.210447311401367,20199,,,,,,,,
2024-10-09,25.760000228881836,25.77989959716797,25.75,25.75,23.210447311401367,796,,,,,,,,
2024-10-10,25.739999771118164,25.875600814819336,25.739999771118164,25.875600814819336,23.323657989501953,4688,,,,,,,,
2024-10-11,25.780000686645508,25.80500030517578,25.760000228881836,25.80500030517578,23.260021209716797,2263,,,,,,,,
2024-10-14,25.809999465942383,25.8799991607666,25.770000457763672,25.829999923706055,23.282556533813477,3157,,,,,,,,
2024-10-15,25.850000381469727,25.852399826049805,25.809999465942383,25.81999969482422,23.273540496826172,2303,,,,,,,,
2024-10-16,25.780000686645508,25.897499084472656,25.780000686645508,25.88319969177246,23.330509185791016,1691,,,,,,,,
2024-10-17,25.860000610351562,25.860000610351562,25.84000015258789,25.84000015258789,23.29157066345215,1237,,,,,,,,
2024-10-18,25.87380027770996,25.8799991607666,25.8700008392334,25.8700008392334,23.31861114501953,2119,,,,,,,,
2024-10-21,25.850000381469727,25.959999084472656,25.829999923706055,25.958599090576172,23.398469924926758,2540,,,,,,,,
2024-10-22,25.870500564575195,25.870500564575195,25.847000122070312,25.847000122070312,23.29787826538086,2000,,,,,,,,
2024-10-23,25.780000686645508,25.979999542236328,25.780000686645508,25.979999542236328,23.417760848999023,3110,,,,,,,,
2024-10-24,25.979999542236328,25.979999542236328,25.790000915527344,25.790000915527344,23.246501922607422,1640,,,,,,,,
2024-10-25,25.940000534057617,25.940000534057617,25.781299591064453,25.781299591064453,23.238658905029297,581,,,,,,,,
2024-10-28,25.809999465942383,25.979999542236328,25.799999237060547,25.809999465942383,23.2645263671875,5698,,,,,,,,
2024-10-29,25.93000030517578,25.93000030517578,25.788000106811523,25.788000106811523,23.244699478149414,4368,,,,,,,,
2024-10-30,25.809999465942383,25.841800689697266,25.770000457763672,25.809999465942383,23.2645263671875,1639,,,,,,,,
2024-10-31,25.790000915527344,25.829999923706055,25.75,25.75,23.210447311401367,2230,,,,,,,,
2024-11-01,25.75,25.820100784301758,25.75,25.760099411010742,23.21954917907715,1980,,,,,,,,
2024-11-04,25.780000686645508,25.84000015258789,25.76810073852539,25.76810073852539,23.22675895690918,1371,,,,,,,,
2024-11-05,25.770000457763672,25.850000381469727,25.75,25.75,23.210447311401367,2862,,,,,,,,
2024-11-06,25.75,25.829999923706055,25.700000762939453,25.770000457763672,23.228473663330078,2920,,,,,,,,
2024-11-07,25.821300506591797,25.84000015258789,25.770000457763672,25.770099639892578,23.22856330871582,5174,,,,,,,,
2024-11-08,25.780000686645508,25.850000381469727,25.780000686645508,25.790000915527344,23.246501922607422,738,,,,,,,,
2024-11-11,25.860000610351562,25.8700008392334,25.766399383544922,25.850000381469727,23.300582885742188,4131,,,,,,,,
2024-11-12,25.790000915527344,25.8799991607666,25.739999771118164,25.740100860595703,23.201522827148438,3507,,,,,,,,
2024-11-13,25.760000228881836,25.770000457763672,25.739999771118164,25.75,23.210447311401367,2934,,,,,,,,
2024-11-14,25.719999313354492,25.790000915527344,25.700000762939453,25.739999771118164,23.201431274414062,8998,,,,,,,,
2024-11-15,25.75,25.770000457763672,25.709999084472656,25.709999084472656,23.174388885498047,7065,,,,,,,,
2024-11-18,25.75,25.75,25.670000076293945,25.68910026550293,23.15555191040039,2607,,,,,,,,
2024-11-19,25.68000030517578,25.760400772094727,25.68000030517578,25.722200393676758,23.185388565063477,4096,,,,,,,,
2024-11-20,25.84000015258789,25.84000015258789,25.719999313354492,25.729999542236328,23.19241714477539,5774,,,,,,,,
2024-11-21,25.850000381469727,25.850000381469727,25.709999084472656,25.709999084472656,23.174388885498047,1849,,,,,,,,
2024-11-22,25.790000915527344,25.799999237060547,25.70159912109375,25.70159912109375,23.166818618774414,3432,,,,,,,,
2024-11-25,25.729999542236328,25.8799991607666,25.71139907836914,25.790000915527344,23.246501922607422,5943,,,,,,,,
2024-11-26,25.799999237060547,26.0,25.790000915527344,25.950000762939453,23.390722274780273,8663,,,,,,,,
2024-11-27,25.899999618530273,26.0,25.8700008392334,25.90999984741211,23.354665756225586,6587,,,,,,,,
2024-11-29,25.899999618530273,26.06999969482422,25.899999618530273,25.899999618530273,23.345651626586914,7787,,,,,,,,
2024-12-02,26.049999237060547,26.18950080871582,25.90999984741211,26.139999389648438,23.561981201171875,13012,,,,,,,,
2024-12-03,26.02050018310547,26.141599655151367,26.02050018310547,26.110000610351562,23.534940719604492,1788,,,,,,,,
2024-12-04,26.190000534057617,26.25,26.050100326538086,26.09000015258789,23.51691436767578,13805,,,,,,,,
2024-12-05,26.059999465942383,26.108200073242188,26.0,26.010000228881836,23.444805145263672,3260,,,,,,,,
2024-12-06,25.770000457763672,25.770000457763672,25.600000381469727,25.670000076293945,23.620786666870117,4759,,,,,,,,
2024-12-09,25.670000076293945,25.690000534057617,25.59000015258789,25.636999130249023,23.59041976928711,2595,,,,,,,,
2024-12-10,25.690000534057617,25.701400756835938,25.543100357055664,25.701400756835938,23.64967918395996,5703,,,,,,,,
2024-12-11,25.700000762939453,25.709999084472656,25.545000076293945,25.709999084472656,23.657590866088867,5750,,,,,,,,
2024-12-12,25.670000076293945,25.68000030517578,25.59000015258789,25.600000381469727,23.55637550354004,1890,,,,,,,,
2024-12-13,25.61039924621582,25.61039924621582,25.600000381469727,25.601600646972656,23.55784797668457,1410,,,,,,,,
2024-12-16,25.649999618530273,25.690000534057617,25.54949951171875,25.559999465942383,23.519567489624023,6845,,,,,,,,
2024-12-17,25.67530059814453,25.680400848388672,25.540000915527344,25.540000915527344,23.501163482666016,9096,,,,,,,,
2024-12-18,25.540000915527344,25.700000762939453,25.540000915527344,25.649700164794922,23.602108001708984,3570,,,,,,,,
2024-12-19,25.65999984741211,25.690000534057617,25.573699951171875,25.65999984741211,23.61158561706543,1833,,,,,,,,
2024-12-20,25.719900131225586,25.719900131225586,25.510000228881836,25.604999542236328,23.560976028442383,6103,,,,,,,,
2024-12-23,25.610000610351562,25.610000610351562,25.510000228881836,25.520000457763672,23.48276138305664,3704,,,,,,,,
2024-12-24,25.510000228881836,25.6200008392334,25.510000228881836,25.520000457763672,23.48276138305664,3094,,,,,,,,
2024-12-26,25.610000610351562,25.65559959411621,25.530000686645508,25.530000686645508,23.491962432861328,3301,,,,,,,,
2024-12-27,25.510000228881836,25.604999542236328,25.510000228881836,25.600000381469727,23.55637550354004,1264,,,,,,,,
2024-12-30,25.520000457763672,25.539899826049805,25.510000228881836,25.539899826049805,23.501070022583008,4373,,,,,,,,
2024-12-31,25.549999237060547,25.549999237060547,25.4950008392334,25.5,23.464357376098633,3223,,,,,,,,
2025-01-02,25.479999542236328,25.549999237060547,25.479999542236328,25.479999542236328,23.445953369140625,10200,,,,,,,,
2025-01-03,25.531999588012695,25.549999237060547,25.49139976501465,25.549999237060547,23.510366439819336,7458,,,,,,,,
2025-01-06,25.549999237060547,25.649999618530273,25.549999237060547,25.600000381469727,23.55637550354004,3614,,,,,,,,
2025-01-07,25.559999465942383,25.559999465942383,25.559999465942383,25.559999465942383,23.519567489624023,1284,,,,,,,,
2025-01-08,25.58970069885254,25.600000381469727,25.557300567626953,25.592500686645508,23.54947280883789,4759,,,,,,,,
2025-01-10,25.56999969482422,25.630399703979492,25.56999969482422,25.579999923706055,23.5379695892334,3007,,,,,,,,
2025-01-13,25.5,25.649999618530273,25.300100326538086,25.649999618530273,23.60238265991211,8379,,,,,,,,
2025-01-14,25.540000915527344,25.549999237060547,25.423200607299805,25.479999542236328,23.445953369140625,2494,,,,,,,,
2025-01-15,25.55069923400879,25.7406005859375,25.55069923400879,25.68000030517578,23.629989624023438,4194,,,,,,,,
2025-01-16,25.815000534057617,25.815000534057617,25.75,25.75,23.694400787353516,1190,,,,,,,,
2025-01-17,25.731599807739258,25.731599807739258,25.69300079345703,25.729999542236328,23.675996780395508,1174,,,,,,,,
2025-01-21,25.770000457763672,25.770000457763672,25.559999465942383,25.56999969482422,23.52876853942871,5086,,,,,,,,
2025-01-22,25.688800811767578,25.688800811767578,25.570100784301758,25.570100784301758,23.52886199951172,2662,,,,,,,,
2025-01-23,25.590900421142578,25.64069938659668,25.590900421142578,25.64069938659668,23.59382438659668,601,,,,,,,,
2025-01-24,25.709999084472656,25.709999084472656,25.709999084472656,25.709999084472656,23.657590866088867,827,,,,,,,,
2025-01-27,25.709999084472656,25.709999084472656,25.649999618530273,25.699899673461914,23.648298263549805,2080,,,,,,,,
2025-01-28,25.709999084472656,25.709999084472656,25.649999618530273,25.68000030517578,23.629989624023438,1498,,,,,,,,
2025-01-29,25.700000762939453,25.709999084472656,25.700000762939453,25.700000762939453,23.648391723632812,1172,,,,,,,,
2025-01-30,25.639999389648438,25.68000030517578,25.5,25.500200271606445,23.464540481567383,16453,,,,,,,,
2025-01-31,25.510000228881836,25.60759925842285,25.479999542236328,25.485000610351562,23.45055389404297,9129,,,,,,,,
2025-02-03,25.538000106811523,25.68000030517578,25.49020004272461,25.68000030517578,23.629989624023438,4611,,,,,,,,
2025-02-04,25.5,25.689599990844727,25.5,25.612600326538086,23.567970275878906,8381,,,,,,,,
2025-02-05,25.639999389648438,25.639999389648438,25.639999389648438,25.639999389648438,23.59317970275879,964,,,,,,,,
2025-02-06,25.640300750732422,25.640300750732422,25.640300750732422,25.640300750732422,23.593456268310547,335,,,,,,,,
2025-02-07,25.639999389648438,25.639999389648438,25.490100860595703,25.600000381469727,23.55637550354004,1455,,,,,,,,
2025-02-10,25.65730094909668,25.670000076293945,25.51129913330078,25.520000457763672,23.48276138305664,3064,,,,,,,,
2025-02-11,25.6200008392334,25.6200008392334,25.530000686645508,25.540000915527344,23.501163482666016,2265,,,,,,,,
2025-02-12,25.600000381469727,25.65999984741211,25.600000381469727,25.65999984741211,23.61158561706543,2547,,,,,,,,
2025-02-13,25.65999984741211,25.65999984741211,25.65999984741211,25.65999984741211,23.61158561706543,556,,,,,,,,
2025-02-14,25.610000610351562,25.638500213623047,25.510099411010742,25.559999465942383,23.519567489624023,6528,,,,,,,,
2025-02-18,25.600000381469727,25.64859962463379,25.559999465942383,25.64859962463379,23.601093292236328,2120,,,,,,,,
2025-02-19,25.649999618530273,25.674999237060547,25.599899291992188,25.674999237060547,23.62538719177246,2386,,,,,,,,
2025-02-20,25.65999984741211,25.690000534057617,25.655099868774414,25.670000076293945,23.620786666870117,2188,,,,,,,,
2025-02-21,25.690000534057617,25.700000762939453,25.670000076293945,25.68000030517578,23.629989624023438,5105,,,,,,,,
2025-02-24,25.670000076293945,25.75,25.670000076293945,25.75,23.694400787353516,5249,,,,,,,,
2025-02-25,25.809999465942383,25.850000381469727,25.799999237060547,25.799999237060547,23.740407943725586,8265,,,,,,,,
2025-02-26,25.873300552368164,25.873300552368164,25.780000686645508,25.860000610351562,23.79561996459961,2215,,,,,,,,
2025-02-27,25.8700008392334,25.940000534057617,25.84000015258789,25.84000015258789,23.7772159576416,8451,,,,,,,,
2025-02-28,25.84000015258789,25.84000015258789,25.774700164794922,25.774700164794922,23.717130661010742,2720,,,,,,,,
2025-03-03,25.780000686645508,25.950000762939453,25.771299362182617,25.771299362182617,23.714000701904297,2914,,,,,,,,
2025-03-04,25.780000686645508,25.780000686645508,25.670000076293945,25.73900032043457,23.68427848815918,1924,,,,,,,,
2025-03-05,25.75,25.920000076293945,25.75,25.7810001373291,23.722923278808594,2852,,,,,,,,
2025-03-06,25.860000610351562,25.860000610351562,25.780000686645508,25.780000686645508,23.72200584411621,1832,,,,,,,,
2025-03-07,25.68000030517578,25.93000030517578,25.530000686645508,25.610000610351562,23.565574645996094,15713,,,,,,,,
2025-03-10,25.34000015258789,25.349899291992188,25.18000030517578,25.209999084472656,23.688905715942383,29703,,,,,,,,
2025-03-11,25.479999542236328,25.479999542236328,25.15999984741211,25.200000762939453,23.67951202392578,43015,,,,,,,,
2025-03-12,25.25,25.25,25.139999389648438,25.200000762939453,23.67951202392578,6619,,,,,,,,
2025-03-13,25.139999389648438,25.260000228881836,25.1200008392334,25.260000228881836,23.735889434814453,2019,,,,,,,,
2025-03-14,25.329999923706055,25.329999923706055,25.11009979248047,25.149999618530273,23.632526397705078,7334,,,,,,,,
2025-03-17,25.149999618530273,25.260000228881836,25.149999618530273,25.260000228881836,23.735889434814453,5313,,,,,,,,
2025-03-18,25.260000228881836,25.40999984741211,25.219999313354492,25.2450008392334,23.72179412841797,5155,,,,,,,,
2025-03-19,25.25,25.299999237060547,25.239999771118164,25.261199951171875,23.737018585205078,2043,,,,,,,,
2025-03-20,25.270000457763672,25.43000030517578,25.24720001220703,25.24720001220703,23.723861694335938,4144,,,,,,,,
2025-03-21,25.260000228881836,25.294200897216797,25.149999618530273,25.1875,23.66776466369629,7314,,,,,,,,
2025-03-24,25.200000762939453,25.25,25.200000762939453,25.23200035095215,23.709579467773438,5893,,,,,,,,
2025-03-25,25.270000457763672,25.350000381469727,25.239999771118164,25.299999237060547,23.773475646972656,4348,,,,,,,,
2025-03-26,25.309999465942383,25.43000030517578,25.269100189208984,25.350000381469727,23.820459365844727,18079,,,,,,,,
2025-03-27,25.299999237060547,25.405000686645508,25.239999771118164,25.391000747680664,23.858985900878906,3952,,,,,,,,
2025-03-28,25.3700008392334,25.408599853515625,25.3700008392334,25.3700008392334,23.839252471923828,950,,,,,,,,
2025-03-31,25.3700008392334,25.3700008392334,25.212200164794922,25.212200164794922,23.69097328186035,1709,,,,,,,,
2025-04-01,25.270000457763672,25.450000762939453,25.270000457763672,25.450000762939453,23.914426803588867,7244,,,,,,,,
2025-04-02,25.420000076293945,25.469999313354492,25.360000610351562,25.410400390625,23.877216339111328,6324,,,,,,,,
2025-04-03,25.350000381469727,25.350000381469727,25.149999618530273,25.209999084472656,23.688905715942383,3844,,,,,,,,
2025-04-04,25.200000762939453,25.649999618530273,24.950000762939453,24.969999313354492,23.46338653564453,23542,,,,,,,,
2025-04-07,24.90999984741211,25.030000686645508,24.600000381469727,24.899999618530273,23.39760971069336,31873,,,,,,,,
2025-04-08,25.010000228881836,25.290000915527344,25.010000228881836,25.1200008392334,23.604337692260742,13820,,,,,,,,
2025-04-09,25.0,25.1200008392334,24.850000381469727,25.1200008392334,23.604337692260742,12279,,,,,,,,
2025-04-10,25.1299991607666,25.290000915527344,24.889999389648438,24.979999542236328,23.4727840423584,8326,,,,,,,,
2025-04-11,25.128000259399414,25.139999389648438,25.05780029296875,25.100000381469727,23.58554458618164,1802,,,,,,,,
2025-04-14,25.25,25.25,25.010000228881836,25.010099411010742,23.501066207885742,1887,,,,,,,,
2025-04-15,25.12459945678711,25.18000030517578,25.065000534057617,25.18000030517578,23.660717010498047,4938,,,,,,,,
2025-04-16,25.149999618530273,25.3799991607666,25.149999618530273,25.3799991607666,23.848649978637695,2869,,,,,,,,
2025-04-17,25.610000610351562,25.799999237060547,25.25,25.31999969482422,23.792268753051758,7823,,,,,,,,
2025-04-21,25.209999084472656,25.209999084472656,25.149999618530273,25.190000534057617,23.67011260986328,5791,,,,,,,,
2025-04-22,25.200000762939453,25.200000762939453,24.799999237060547,24.950000762939453,23.444595336914062,12952,,,,,,,,
2025-04-23,25.020000457763672,25.200000762939453,24.950000762939453,24.969999313354492,23.46338653564453,16319,,,,,,,,
2025-04-24,25.030000686645508,25.100000381469727,24.99169921875,25.100000381469727,23.58554458618164,1396,,,,,,,,
2025-04-25,25.149999618530273,25.200000762939453,25.06999969482422,25.184999465942383,23.665414810180664,5258,,,,,,,,
2025-04-28,25.184999465942383,25.184999465942383,25.010000228881836,25.079999923706055,23.566749572753906,3334,,,,,,,,
2025-04-29,25.139999389648438,25.43199920654297,25.139999389648438,25.18000030517578,23.660717010498047,3230,,,,,,,,
2025-04-30,25.139999389648438,25.246299743652344,25.030000686645508,25.059999465942383,23.547956466674805,4592,,,,,,,,
2025-05-01,25.209999084472656,25.270700454711914,25.149999618530273,25.18000030517578,23.660717010498047,2329,,,,,,,,
2025-05-02,25.26059913635254,25.26059913635254,25.18000030517578,25.25,23.72649383544922,1405,,,,,,,,
2025-05-05,25.209999084472656,25.3799991607666,25.18000030517578,25.28499984741211,23.759382247924805,2591,,,,,,,,
2025-05-06,25.38909912109375,25.38909912109375,25.290000915527344,25.38249969482422,23.850997924804688,2606,,,,,,,,
2025-05-07,25.374000549316406,25.461999893188477,25.08139991760254,25.1200008392334,23.604337692260742,11393,,,,,,,,
2025-05-08,25.200000762939453,25.290000915527344,25.1299991607666,25.200000762939453,23.67951202392578,1603,,,,,,,,
2025-05-09,25.336000442504883,25.405000686645508,25.15999984741211,25.260000228881836,23.735889434814453,3396,,,,,,,,
2025-05-12,25.25,25.310100555419922,25.181400299072266,25.310100555419922,23.78296661376953,792,,,,,,,,
2025-05-13,25.229999542236328,25.229999542236328,23.959999084472656,24.989999771118164,23.482181549072266,51754,,,,,,,,
2025-05-14,25.373600006103516,25.399999618530273,25.209999084472656,25.389999389648438,23.85804557800293,5093,,,,,,,,
2025-05-15,25.569900512695312,25.600000381469727,25.389999389648438,25.600000381469727,24.055374145507812,4522,,,,,,,,
2025-05-16,25.579999923706055,25.579999923706055,25.410999298095703,25.43000030517578,23.895633697509766,2289,,,,,,,,
2025-05-19,25.489999771118164,25.5,25.469999313354492,25.5,23.961408615112305,1117,,,,,,,,
2025-05-20,25.450000762939453,25.450000762939453,25.450000762939453,25.450000762939453,23.914426803588867,232,,,,,,,,
2025-05-21,25.450000762939453,25.450000762939453,25.299999237060547,25.299999237060547,23.773475646972656,5348,,,,,,,,
2025-05-22,25.31999969482422,25.5,25.31999969482422,25.5,23.961408615112305,1275,,,,,,,,
2025-05-23,25.34000015258789,25.5,25.34000015258789,25.5,23.961408615112305,1423,,,,,,,,
2025-05-27,25.580299377441406,25.580299377441406,25.580299377441406,25.580299377441406,24.036861419677734,403,,,,,,,,
2025-05-28,25.469100952148438,25.68000030517578,25.469100952148438,25.575000762939453,24.031885147094727,945,,,,,,,,
2025-05-29,25.479999542236328,25.6299991607666,25.450000762939453,25.520000457763672,23.98020362854004,6447,,,,,,,,
2025-06-02,25.5,25.5,25.440000534057617,25.5,23.961408615112305,1584,,,,,,,,
2025-06-03,25.5,25.581100463867188,25.290000915527344,25.489900588989258,23.95191764831543,5444,,,,,,,,
2025-06-05,25.65999984741211,25.65999984741211,25.43000030517578,25.540000915527344,23.99899673461914,3218,,,,,,,,
2025-06-06,25.520000457763672,25.80739974975586,25.5,25.56290054321289,24.0205135345459,4742,,,,,,,,
2025-06-09,25.200000762939453,25.389999389648438,25.049999237060547,25.15999984741211,24.1436767578125,7636,,,,,,,,
2025-06-10,25.385000228881836,25.385000228881836,25.11680030822754,25.281299591064453,24.26007843017578,3090,,,,,,,,
2025-06-11,25.299999237060547,25.314899444580078,25.25,25.314899444580078,24.292320251464844,4123,,,,,,,,
2025-06-12,25.25,25.3799991607666,25.25,25.3799991607666,24.35479164123535,583,,,,,,,,
2025-06-13,25.450000762939453,25.450000762939453,25.260000228881836,25.399999618530273,24.37398338317871,2070,,,,,,,,
2025-06-16,25.299999237060547,25.399999618530273,25.25,25.399999618530273,24.37398338317871,2121,,,,,,,,
2025-06-17,25.450000762939453,25.450000762939453,25.118999481201172,25.200000762939453,24.182064056396484,11409,,,,,,,,
2025-06-18,25.190000534057617,25.22599983215332,25.149900436401367,25.149999618530273,24.134082794189453,4523,,,,,,,,
2025-06-20,25.200000762939453,25.200000762939453,25.149999618530273,25.18000030517578,24.162870407104492,3511,,,,,,,,
2025-06-23,25.18000030517578,25.219999313354492,25.18000030517578,25.184999465942383,24.16766929626465,3970,,,,,,,,
2025-06-24,25.170000076293945,25.290000915527344,25.170000076293945,25.200000762939453,24.182064056396484,5988,,,,,,,,
2025-06-25,25.290000915527344,25.290000915527344,25.170000076293945,25.270000457763672,24.249237060546875,991,,,,,,,,
2025-06-26,25.25,25.670000076293945,25.170000076293945,25.21500015258789,24.19645881652832,2588,,,,,,,,
2025-06-27,25.219999313354492,25.219999313354492,25.200000762939453,25.219999313354492,24.20125389099121,1105,,,,,,,,
2025-06-30,25.203899383544922,25.7052001953125,25.200000762939453,25.37123680114746,24.34638214111328,10594,,,,,,,,
2025-07-01,25.399999618530273,25.399999618530273,25.350000381469727,25.354999542236328,24.33080291748047,15135,,,,,,,,
2025-07-02,25.360000610351562,25.559999465942383,25.270000457763672,25.350000381469727,24.326004028320312,5709,,,,,,,,
2025-07-03,25.309999465942383,25.88610076904297,25.309999465942383,25.5,24.46994400024414,12857,,,,,,,,
2025-07-07,25.515399932861328,25.75,25.489999771118164,25.600000381469727,24.56590461730957,4218,,,,,,,,
2025-07-08,25.5,25.65999984741211,25.309999465942383,25.5,24.46994400024414,2455,,,,,,,,
2025-07-09,25.639999389648438,25.639999389648438,25.3700008392334,25.440000534057617,24.412368774414062,5171,,,,,,,,
2025-07-10,25.389999389648438,25.649999618530273,25.389999389648438,25.549999237060547,24.517925262451172,4773,,,,,,,,
2025-07-11,25.8700008392334,25.8799991607666,25.579999923706055,25.780000686645508,24.73863410949707,5608,,,,,,,,
2025-07-14,25.649999618530273,25.899999618530273,25.600000381469727,25.899999618530273,24.85378646850586,9490,,,,,,,,
2025-07-15,25.709999084472656,25.8700008392334,25.649999618530273,25.68000030517578,24.64267349243164,3252,,,,,,,,
2025-07-16,25.969999313354492,25.969999313354492,25.700000762939453,25.719999313354492,24.68105697631836,2905,,,,,,,,
2025-07-17,25.730100631713867,25.75,24.920000076293945,25.139999389648438,24.124486923217773,28924,,,,,,,,
2025-07-18,25.18000030517578,25.499500274658203,25.18000030517578,25.399900436401367,24.37388801574707,10830,,,,,,,,
2025-07-21,25.399999618530273,25.68000030517578,25.399999618530273,25.59000015258789,24.556310653686523,14298,,,,,,,,
2025-07-22,25.59000015258789,26.059999465942383,25.510000228881836,25.860000610351562,24.81540298461914,7147,,,,,,,,
2025-07-23,25.627899169921875,26.25,25.627899169921875,25.969999313354492,24.92095947265625,15223,,,,,,,,
2025-07-24,26.010000228881836,26.290000915527344,26.010000228881836,26.09939956665039,25.04513168334961,8018,,,,,,,,
2025-07-25,25.972700119018555,26.100099563598633,25.972700119018555,26.09000015258789,25.03611183166504,3371,,,,,,,,
2025-07-28,26.079999923706055,26.085500717163086,25.729999542236328,25.979999542236328,24.93055534362793,4395,,,,,,,,
2025-07-29,25.829999923706055,26.200000762939453,25.700000762939453,25.934999465942383,24.887372970581055,4898,,,,,,,,
2025-07-30,26.030000686645508,26.100000381469727,25.889999389648438,26.096500396728516,25.04235076904297,3240,,,,,,,,
2025-07-31,25.969999313354492,26.270000457763672,25.969999313354492,25.989999771118164,24.94015121459961,3068,,,,,,,,
2025-08-01,26.149999618530273,26.170000076293945,25.98419952392578,26.100000381469727,25.04570770263672,2196,,,,,,,,
2025-08-04,26.0,26.25,26.0,26.100000381469727,25.04570770263672,4081,,,,,,,,
2025-08-05,26.030000686645508,26.1200008392334,26.030000686645508,26.07900047302246,25.025556564331055,1167,,,,,,,,
2025-08-06,26.149999618530273,26.239999771118164,26.045000076293945,26.11709976196289,25.062116622924805,2744,,,,,,,,
2025-08-07,26.229999542236328,26.229999542236328,26.000499725341797,26.1200008392334,25.06490135192871,5316,,,,,,,,
2025-08-08,26.219999313354492,26.219999313354492,25.989999771118164,26.0,24.94974708557129,2950,,,,,,,,
2025-08-11,25.760000228881836,26.049999237060547,25.760000228881836,26.049999237060547,24.997726440429688,3367,,,,,,,,
2025-08-12,25.986799240112305,25.986799240112305,25.986799240112305,25.986799240112305,24.93708038330078,488,,,,,,,,
2025-08-13,26.0,26.0,26.0,26.0,24.94974708557129,314,,,,,,,,
2025-08-14,25.899999618530273,26.113100051879883,25.899999618530273,25.93000030517578,24.8825740814209,2189,,,,,,,,
2025-08-15,26.014999389648438,26.16029930114746,26.014999389648438,26.16029930114746,25.103572845458984,626,,,,,,,,
2025-08-19,25.81999969482422,26.045000076293945,25.81999969482422,26.030000686645508,24.97853660583496,9050,,,,,,,,
2025-08-20,26.030000686645508,26.030000686645508,26.030000686645508,26.030000686645508,24.97853660583496,331,,,,,,,,
2025-08-21,25.889999389648438,26.030000686645508,25.889999389648438,26.030000686645508,24.97853660583496,2700,,,,,,,,
2025-08-22,26.002300262451172,26.002300262451172,25.700000762939453,25.860000610351562,24.81540298461914,13400,,,,,,,,
2025-08-25,25.850000381469727,25.850000381469727,25.790000915527344,25.790000915527344,24.74822998046875,544,,,,,,,,
2025-08-26,25.75,25.829999923706055,25.700000762939453,25.780000686645508,24.73863410949707,2385,,,,,,,,
2025-08-27,25.780000686645508,25.8435001373291,25.774700164794922,25.792800903320312,24.750919342041016,2692,,,,,,,,
2025-08-28,25.799999237060547,25.850000381469727,25.736099243164062,25.739999771118164,24.70025062561035,4963,,,,,,,,
2025-08-29,25.729999542236328,25.739999771118164,25.729999542236328,25.739999771118164,24.70025062561035,337,,,,,,,,
2025-09-02,25.770000457763672,25.799999237060547,25.770000457763672,25.799999237060547,24.75782585144043,479,,,,,,,,
2025-09-03,25.84160041809082,25.8799991607666,25.75,25.8799991607666,24.8345947265625,3970,,,,,,,,
2025-09-04,25.928199768066406,25.928199768066406,25.760000228881836,25.886899948120117,24.841215133666992,4334,,,,,,,,
2025-09-05,25.969999313354492,25.969999313354492,25.8799991607666,25.969999313354492,24.92095947265625,4884,,,,,,,,
2025-09-08,25.440000534057617,25.579999923706055,25.40999984741211,25.540000915527344,25.02014923095703,7101,,,,,,,,
2025-09-09,25.5,25.68000030517578,25.5,25.61750030517578,25.096071243286133,1550,,,,,,,,
2025-09-10,25.617000579833984,25.617000579833984,25.5,25.542699813842773,25.02279281616211,1871,,,,,,,,
2025-09-11,25.55780029296875,25.56999969482422,25.450000762939453,25.450000762939453,24.931982040405273,13994,,,,,,,,
2025-09-12,25.520000457763672,25.542699813842773,25.450000762939453,25.542699813842773,25.02279281616211,26581,,,,,,,,
2025-09-15,25.47010040283203,25.610000610351562,25.3799991607666,25.389999389648438,24.873201370239258,6064,,,,,,,,
2025-09-16,25.399999618530273,25.510799407958984,25.399999618530273,25.459999084472656,24.941776275634766,3515,,,,,,,,
2025-09-17,25.440000534057617,25.459999084472656,25.350000381469727,25.450000762939453,24.931982040405273,29306,,,,,,,,
2025-09-18,25.459999084472656,25.459999084472656,25.3799991607666,25.45170021057129,24.93364715576172,2963,,,,,,,,
2025-09-19,25.458599090576172,25.649999618530273,25.1299991607666,25.1299991607666,24.618494033813477,17123,,,,,,,,
2025-09-22,25.149999618530273,25.420000076293945,25.149999618530273,25.420000076293945,24.902591705322266,5875,,,,,,,,
2025-09-23,25.479999542236328,25.479999542236328,25.295000076293945,25.315000534057617,24.799728393554688,2956,,,,,,,,
2025-09-24,25.441499710083008,25.474000930786133,25.345399856567383,25.345399856567383,24.829509735107422,918,,,,,,,,
2025-09-25,25.398700714111328,25.6299991607666,25.350000381469727,25.6299991607666,25.10831642150879,2569,,,,,,,,
2025-09-29,25.52039909362793,25.65999984741211,25.52039909362793,25.628000259399414,25.10635757446289,7372,,,,,,,,
2025-09-30,25.5,25.55299949645996,25.5,25.55299949645996,25.03288459777832,331,,,,,,,,
2025-10-01,25.649999618530273,25.649999618530273,25.575000762939453,25.60650062561035,25.085296630859375,2227,,,,,,,,
2025-10-02,25.579999923706055,25.649900436401367,25.520099639892578,25.649900436401367,25.127811431884766,8441,,,,,,,,
2025-10-03,25.56999969482422,25.56999969482422,25.5,25.5,24.9809627532959,3109,,,,,,,,
2025-10-06,25.576200485229492,25.623899459838867,25.549999237060547,25.565000534057617,25.044639587402344,3211,,,,,,,,
2025-10-07,25.59000015258789,25.770000457763672,25.540000915527344,25.739999771118164,25.21607780456543,10443,,,,,,,,
2025-10-08,25.635299682617188,25.75,25.6200008392334,25.749900817871094,25.22577667236328,12979,,,,,,,,
2025-10-09,25.700000762939453,25.770000457763672,25.66819953918457,25.758399963378906,25.23410415649414,7964,,,,,,,,
2025-10-10,25.86440086364746,25.88680076599121,25.770000457763672,25.790000915527344,25.265060424804688,3524,,,,,,,,
2025-10-13,25.998199462890625,25.998199462890625,25.70009994506836,25.93000030517578,25.402210235595703,891,,,,,,,,
2025-10-14,25.849700927734375,25.979999542236328,25.84000015258789,25.93000030517578,25.402210235595703,2434,,,,,,,,
2025-10-15,25.75,26.08989906311035,25.75,25.989999771118164,25.460988998413086,2565,,,,,,,,
2025-10-16,25.889999389648438,25.889999389648438,25.889999389648438,25.889999389648438,25.36302375793457,877,,,,,,,,
2025-10-17,25.75,25.75,25.75,25.75,25.225873947143555,170,,,,,,,,
2025-10-20,25.799999237060547,26.029300689697266,25.799999237060547,25.94499969482422,25.41690444946289,1078,,,,,,,,
2025-10-21,26.0,26.0,26.0,26.0,25.47078514099121,160,,,,,,,,
2025-10-22,25.860000610351562,25.920000076293945,25.799999237060547,25.799999237060547,25.274856567382812,3114,,,,,,,,
2025-10-23,25.969999313354492,25.979900360107422,25.8799991607666,25.90999984741211,25.382617950439453,3364,,,,,,,,
2025-10-24,25.799999237060547,25.799999237060547,25.6560001373291,25.6560001373291,25.133787155151367,7048,,,,,,,,
2025-10-27,25.756000518798828,25.959999084472656,25.65999984741211,25.65999984741211,25.137706756591797,6186,,,,,,,,
2025-10-28,25.700000762939453,25.954200744628906,25.559999465942383,25.559999465942383,25.03974151611328,10877,,,,,,,,
2025-10-29,25.799999237060547,25.88990020751953,25.56999969482422,25.600000381469727,25.078927993774414,2041,,,,,,,,
2025-10-30,25.719999313354492,25.84000015258789,25.610000610351562,25.610000610351562,25.08872413635254,5392,,,,,,,,
2025-10-31,25.56999969482422,25.59000015258789,25.510000228881836,25.510000228881836,24.990758895874023,1662,,,,,,,,
2025-11-03,25.760000228881836,25.799999237060547,25.600000381469727,25.670000076293945,25.147502899169922,2465,,,,,,,,
2025-11-04,25.600000381469727,25.700000762939453,25.520000457763672,25.690000534057617,25.167097091674805,7905,,,,,,,,
2025-11-05,25.5,25.610000610351562,25.360000610351562,25.420000076293945,24.902591705322266,11952,,,,,,,,
2025-11-06,25.5,25.639999389648438,25.399999618530273,25.5,24.9809627532959,8113,,,,,,,,
2025-11-07,25.701007843017578,25.701007843017578,25.600000381469727,25.600000381469727,25.078927993774414,1764,,,,,,,,
2025-11-10,25.6299991607666,25.799999237060547,25.40999984741211,25.725000381469727,25.201383590698242,4478,,,,,,,,
2025-11-11,25.79990005493164,25.79990005493164,25.79990005493164,25.79990005493164,25.27475929260254,1092,,,,,,,,
2025-11-12,25.790000915527344,25.850000381469727,25.790000915527344,25.81999969482422,25.294448852539062,1512,,,,,,,,
2025-11-13,25.799999237060547,25.979999542236328,25.700000762939453,25.75,25.225873947143555,2717,,,,,,,,
2025-11-14,25.969999313354492,25.969999313354492,25.737600326538086,25.7549991607666,25.230772018432617,1802,,,,,,,,
2025-11-17,25.799999237060547,25.8700008392334,25.75,25.8700008392334,25.343433380126953,1631,,,,,,,,
2025-11-18,25.969999313354492,25.969999313354492,25.700000762939453,25.746400833129883,25.222349166870117,32681,,,,,,,,
2025-11-19,25.780000686645508,25.780000686645508,25.709999084472656,25.7450008392334,25.220977783203125,8169,,,,,,,,
2025-11-20,25.780000686645508,25.780000686645508,25.719999313354492,25.75,25.225873947143555,2645,,,,,,,,
2025-11-21,25.75,25.75,25.725000381469727,25.75,25.225873947143555,1955,,,,,,,,
2025-11-24,25.780000686645508,25.940000534057617,25.780000686645508,25.799999237060547,25.274856567382812,4339,,,,,,,,
2025-11-25,25.800100326538086,25.897600173950195,25.800100326538086,25.897600173950195,25.37047004699707,2981,,,,,,,,
2025-11-26,25.799999237060547,25.940000534057617,25.799999237060547,25.899999618530273,25.372821807861328,944,,,,,,,,
2025-12-01,25.943199157714844,25.943199157714844,25.88640022277832,25.88640022277832,25.359498977661133,728,,,,,,,,
2025-12-02,25.790000915527344,26.09000015258789,25.790000915527344,26.059999465942383,25.529563903808594,7121,,,,,,,,
2025-12-03,26.048500061035156,26.059999465942383,25.989999771118164,26.059999465942383,25.529563903808594,2332,,,,,,,,
2025-12-04,26.079999923706055,26.360000610351562,26.00200080871582,26.100000381469727,25.568750381469727,3906,,,,,,,,
2025-12-05,26.065000534057617,26.100000381469727,26.065000534057617,26.100000381469727,25.568750381469727,959,,,,,,,,
2025-12-08,25.56999969482422,25.56999969482422,25.389999389648438,25.559999465942383,25.559999465942383,2428,,,,,,,,
2025-12-09,25.549999237060547,25.65839958190918,25.52199935913086,25.610000610351562,25.610000610351562,6207,,,,,,,,
2025-12-10,25.610000610351562,25.649999618530273,25.600000381469727,25.600000381469727,25.600000381469727,1469,,,,,,,,
2025-12-11,25.600000381469727,25.649999618530273,25.600000381469727,25.649999618530273,25.649999618530273,1467,,,,,,,,
2025-12-12,25.649999618530273,25.649999618530273,25.631999969482422,25.631999969482422,25.631999969482422,2190,,,,,,,,
2025-12-15,25.6299991607666,25.649999618530273,25.600000381469727,25.61079978942871,25.61079978942871,4178,,,,,,,,
2025-12-16,25.65999984741211,25.790000915527344,25.65999984741211,25.675500869750977,25.675500869750977,2085,,,,,,,,
2025-12-17,25.6200008392334,25.799999237060547,25.600000381469727,25.708099365234375,25.708099365234375,4054,,,,,,,,
2025-12-18,25.81999969482422,25.81999969482422,25.69580078125,25.69580078125,25.69580078125,748,,,,,,,,
2025-12-19,25.7637996673584,25.780000686645508,25.739999771118164,25.770000457763672,25.770000457763672,2172,,,,,,,,
2025-12-22,25.610000610351562,25.760000228881836,25.600000381469727,25.600000381469727,25.600000381469727,7704,,,,,,,,
2025-12-23,25.799999237060547,25.799999237060547,25.31999969482422,25.31999969482422,25.31999969482422,18265,,,,,,,,
2025-12-24,25.549999237060547,25.549999237060547,25.350000381469727,25.3700008392334,25.3700008392334,3986,,,,,,,,
2025-12-26,25.3700008392334,25.626300811767578,25.3700008392334,25.600000381469727,25.600000381469727,1910,,,,,,,,
2025-12-29,25.559999465942383,25.690399169921875,25.549999237060547,25.690399169921875,25.690399169921875,2549,,,,,,,,
2025-12-30,25.58880043029785,25.65999984741211,25.520000457763672,25.613534927368164,25.613534927368164,12021,,,,,,,,
,TRTN-PA,TRTN-PA,TRTN-PA,TRTN-PA,TRTN-PA,TRTN-PA,,,,,,,,
